1.0,1.0,0.7246717,0.7246717,0.3310113,0.3310113,0.0,0.0,0.0,0.0,0.0,0.0,0.285557,0.285557,0.0,0.0,0.103879295,0.103879295,0.0,0.0,0.0,0.0,0.0,0.0,0.0,0.0,0.0,0.0,0.0,0.0,0.0,0.0,0.0,0.0,0.0,0.0,0.0,0.0,0.0,0.0,0.0,0.0,0.0,0.0,0.0,0.0,0.0,0.0,0.0,0.0,0.0,0.0,0.0,0.0,0.0,0.0,0.77524596,0.77524596,0.33821788,0.33821788,0.7928155,0.7928155,0.30663228,0.30663228,0.0,0.0,0.0,0.0,0.0,0.0,0.5774929,0.5774929,0.18035257,0.18035257,0.0,0.0,0.0,0.0,0.0,0.0,0.123553835,0.123553835,0.0,0.0,0.0,0.0,0.0,0.0,0.0,0.0,0.0,0.0,0.0,0.0,0.0,0.0,0.0,0.0,0.0,0.0,0.0,0.0,0.0,0.0,0.0,0.0,0.0,0.0,0.0,0.0,0.0,0.0,0.0,0.0,0.12719446,0.12719446,0.19261783,0.19261783,0.20771794,0.20771794
1.0,1.0,0.7246717,0.7246717,0.3310113,0.3310113,0.0,0.0,0.0,0.0,0.0,0.0,0.285557,0.285557,0.0,0.0,0.103879295,0.103879295,0.0,0.0,0.0,0.0,0.0,0.0,0.0,0.0,0.0,0.0,0.0,0.0,0.0,0.0,0.0,0.0,0.0,0.0,0.0,0.0,0.0,0.0,0.0,0.0,0.0,0.0,0.0,0.0,0.0,0.0,0.0,0.0,0.0,0.0,0.0,0.0,0.0,0.0,0.77524596,0.77524596,0.33821788,0.33821788,0.7928155,0.7928155,0.30663228,0.30663228,0.0,0.0,0.0,0.0,0.0,0.0,0.5774929,0.5774929,0.18035257,0.18035257,0.0,0.0,0.0,0.0,0.0,0.0,0.123553835,0.123553835,0.0,0.0,0.0,0.0,0.0,0.0,0.0,0.0,0.0,0.0,0.0,0.0,0.0,0.0,0.0,0.0,0.0,0.0,0.0,0.0,0.0,0.0,0.0,0.0,0.0,0.0,0.0,0.0,0.0,0.0,0.0,0.0,0.12719446,0.12719446,0.19261783,0.19261783,0.20771794,0.20771794
0.74759877,0.74759877,1.0,1.0,0.78089374,0.78089374,0.38563702,0.38563702,0.3567628,0.3567628,0.12096859,0.12096859,0.0,0.0,0.10235056,0.10235056,0.0,0.0,0.0,0.0,0.0,0.0,0.0,0.0,0.0,0.0,0.0,0.0,0.0,0.0,0.0,0.0,0.0,0.0,0.0,0.0,0.0,0.0,0.0,0.0,0.0,0.0,0.0,0.0,0.0,0.0,0.0,0.0,0.0,0.0,0.0,0.0,0.0,0.0,0.0,0.0,0.3363115,0.3363115,0.7742694,0.7742694,0.7999625,0.7999625,0.7526359,0.7526359,0.21016404,0.21016404,0.29893082,0.29893082,0.0,0.0,0.37603182,0.37603182,0.54985213,0.54985213,0.22718295,0.22718295,0.0,0.0,0.0,0.0,0.0,0.0,0.0,0.0,0.0,0.0,0.0,0.0,0.0,0.0,0.0,0.0,0.0,0.0,0.0,0.0,0.0,0.0,0.0,0.0,0.0,0.0,0.0,0.0,0.0,0.0,0.0,0.0,0.0,0.0,0.0,0.0,0.0,0.0,0.18634482,0.18634482,0.5715004,0.5715004,0.6293181,0.6293181
0.74759877,0.74759877,1.0,1.0,0.78089374,0.78089374,0.38563702,0.38563702,0.3567628,0.3567628,0.12096859,0.12096859,0.0,0.0,0.10235056,0.10235056,0.0,0.0,0.0,0.0,0.0,0.0,0.0,0.0,0.0,0.0,0.0,0.0,0.0,0.0,0.0,0.0,0.0,0.0,0.0,0.0,0.0,0.0,0.0,0.0,0.0,0.0,0.0,0.0,0.0,0.0,0.0,0.0,0.0,0.0,0.0,0.0,0.0,0.0,0.0,0.0,0.3363115,0.3363115,0.7742694,0.7742694,0.7999625,0.7999625,0.7526359,0.7526359,0.21016404,0.21016404,0.29893082,0.29893082,0.0,0.0,0.37603182,0.37603182,0.54985213,0.54985213,0.22718295,0.22718295,0.0,0.0,0.0,0.0,0.0,0.0,0.0,0.0,0.0,0.0,0.0,0.0,0.0,0.0,0.0,0.0,0.0,0.0,0.0,0.0,0.0,0.0,0.0,0.0,0.0,0.0,0.0,0.0,0.0,0.0,0.0,0.0,0.0,0.0,0.0,0.0,0.0,0.0,0.18634482,0.18634482,0.5715004,0.5715004,0.6293181,0.6293181
0.3530711,0.3530711,0.79345673,0.79345673,1.0,1.0,0.77835536,0.77835536,0.107837,0.107837,0.32971004,0.32971004,0.0,0.0,0.0,0.0,0.0,0.0,0.0,0.0,0.0,0.0,0.0,0.0,0.0,0.0,0.0,0.0,0.0,0.0,0.0,0.0,0.0,0.0,0.0,0.0,0.0,0.0,0.0,0.0,0.0,0.0,0.0,0.0,0.0,0.0,0.0,0.0,0.0,0.0,0.0,0.0,0.0,0.0,0.0,0.0,0.0,0.0,0.410099,0.410099,0.40293732,0.40293732,0.83857954,0.83857954,0.54985213,0.54985213,0.66808605,0.66808605,0.27420744,0.27420744,0.12036237,0.12036237,0.33382338,0.33382338,0.5667236,0.5667236,0.0,0.0,0.0,0.0,0.0,0.0,0.0,0.0,0.0,0.0,0.0,0.0,0.0,0.0,0.0,0.0,0.0,0.0,0.0,0.0,0.0,0.0,0.0,0.0,0.0,0.0,0.0,0.0,0.0,0.0,0.0,0.0,0.0,0.0,0.0,0.0,0.0,0.0,0.0,0.0,0.24481206,0.24481206,0.66549945,0.66549945
0.3530711,0.3530711,0.79345673,0.79345673,1.0,1.0,0.77835536,0.77835536,0.107837,0.107837,0.32971004,0.32971004,0.0,0.0,0.0,0.0,0.0,0.0,0.0,0.0,0.0,0.0,0.0,0.0,0.0,0.0,0.0,0.0,0.0,0.0,0.0,0.0,0.0,0.0,0.0,0.0,0.0,0.0,0.0,0.0,0.0,0.0,0.0,0.0,0.0,0.0,0.0,0.0,0.0,0.0,0.0,0.0,0.0,0.0,0.0,0.0,0.0,0.0,0.410099,0.410099,0.40293732,0.40293732,0.83857954,0.83857954,0.54985213,0.54985213,0.66808605,0.66808605,0.27420744,0.27420744,0.12036237,0.12036237,0.33382338,0.33382338,0.5667236,0.5667236,0.0,0.0,0.0,0.0,0.0,0.0,0.0,0.0,0.0,0.0,0.0,0.0,0.0,0.0,0.0,0.0,0.0,0.0,0.0,0.0,0.0,0.0,0.0,0.0,0.0,0.0,0.0,0.0,0.0,0.0,0.0,0.0,0.0,0.0,0.0,0.0,0.0,0.0,0.0,0.0,0.24481206,0.24481206,0.66549945,0.66549945
0.0,0.0,0.37048477,0.37048477,0.73977333,0.73977333,1.0,1.0,0.0,0.0,0.10100077,0.10100077,0.0,0.0,0.0,0.0,0.0,0.0,0.0,0.0,0.3452861,0.3452861,0.0,0.0,0.0,0.0,0.0,0.0,0.0,0.0,0.0,0.0,0.0,0.0,0.0,0.0,0.0,0.0,0.0,0.0,0.0,0.0,0.0,0.0,0.0,0.0,0.0,0.0,0.0,0.0,0.0,0.0,0.0,0.0,0.0,0.0,0.0,0.0,0.118790455,0.118790455,0.11560415,0.11560415,0.41714755,0.41714755,0.9282812,0.9282812,0.32874438,0.32874438,0.61844134,0.61844134,0.0,0.0,0.116208255,0.116208255,0.6078037,0.6078037,0.19350892,0.19350892,0.0,0.0,0.0,0.0,0.0,0.0,0.0,0.0,0.0,0.0,0.0,0.0,0.0,0.0,0.0,0.0,0.0,0.0,0.0,0.0,0.0,0.0,0.0,0.0,0.0,0.0,0.0,0.0,0.0,0.0,0.0,0.0,0.0,0.0,0.0,0.0,0.0,0.0,0.0,0.0,0.26426393,0.26426393
0.0,0.0,0.37048477,0.37048477,0.73977333,0.73977333,1.0,1.0,0.0,0.0,0.10100077,0.10100077,0.0,0.0,0.0,0.0,0.0,0.0,0.0,0.0,0.3452861,0.3452861,0.0,0.0,0.0,0.0,0.0,0.0,0.0,0.0,0.0,0.0,0.0,0.0,0.0,0.0,0.0,0.0,0.0,0.0,0.0,0.0,0.0,0.0,0.0,0.0,0.0,0.0,0.0,0.0,0.0,0.0,0.0,0.0,0.0,0.0,0.0,0.0,0.118790455,0.118790455,0.11560415,0.11560415,0.41714755,0.41714755,0.9282812,0.9282812,0.32874438,0.32874438,0.61844134,0.61844134,0.0,0.0,0.116208255,0.116208255,0.6078037,0.6078037,0.19350892,0.19350892,0.0,0.0,0.0,0.0,0.0,0.0,0.0,0.0,0.0,0.0,0.0,0.0,0.0,0.0,0.0,0.0,0.0,0.0,0.0,0.0,0.0,0.0,0.0,0.0,0.0,0.0,0.0,0.0,0.0,0.0,0.0,0.0,0.0,0.0,0.0,0.0,0.0,0.0,0.0,0.0,0.26426393,0.26426393
0.0,0.0,0.34896952,0.34896952,0.11639653,0.11639653,0.0,0.0,1.0,1.0,0.8253465,0.8253465,0.64618695,0.64618695,0.760554,0.760554,0.3368676,0.3368676,0.39953378,0.39953378,0.43825147,0.43825147,0.11716016,0.11716016,0.0,0.0,0.12828466,0.12828466,0.35563403,0.35563403,0.0,0.0,0.0,0.0,0.0,0.0,0.0,0.0,0.0,0.0,0.0,0.0,0.0,0.0,0.0,0.0,0.0,0.0,0.0,0.0,0.0,0.0,0.0,0.0,0.0,0.0,0.32118973,0.32118973,0.757341,0.757341,0.39424327,0.39424327,0.28868103,0.28868103,0.0,0.0,0.48569506,0.48569506,0.21156527,0.21156527,0.46684155,0.46684155,0.6285166,0.6285166,0.23752588,0.23752588,0.2629349,0.2629349,0.74480915,0.74480915,0.64616644,0.64616644,0.41352355,0.41352355,0.3980294,0.3980294,0.24753904,0.24753904,0.0,0.0,0.0,0.0,0.0,0.0,0.0,0.0,0.0,0.0,0.0,0.0,0.0,0.0,0.0,0.0,0.0,0.0,0.0,0.0,0.0,0.0,0.0,0.0,0.0,0.0,0.90858287,0.90858287,0.92607933,0.92607933,0.5055977,0.5055977
0.0,0.0,0.34896952,0.34896952,0.11639653,0.11639653,0.0,0.0,1.0,1.0,0.8253465,0.8253465,0.64618695,0.64618695,0.760554,0.760554,0.3368676,0.3368676,0.39953378,0.39953378,0.43825147,0.43825147,0.11716016,0.11716016,0.0,0.0,0.12828466,0.12828466,0.35563403,0.35563403,0.0,0.0,0.0,0.0,0.0,0.0,0.0,0.0,0.0,0.0,0.0,0.0,0.0,0.0,0.0,0.0,0.0,0.0,0.0,0.0,0.0,0.0,0.0,0.0,0.0,0.0,0.32118973,0.32118973,0.757341,0.757341,0.39424327,0.39424327,0.28868103,0.28868103,0.0,0.0,0.48569506,0.48569506,0.21156527,0.21156527,0.46684155,0.46684155,0.6285166,0.6285166,0.23752588,0.23752588,0.2629349,0.2629349,0.74480915,0.74480915,0.64616644,0.64616644,0.41352355,0.41352355,0.3980294,0.3980294,0.24753904,0.24753904,0.0,0.0,0.0,0.0,0.0,0.0,0.0,0.0,0.0,0.0,0.0,0.0,0.0,0.0,0.0,0.0,0.0,0.0,0.0,0.0,0.0,0.0,0.0,0.0,0.0,0.0,0.90858287,0.90858287,0.92607933,0.92607933,0.5055977,0.5055977
0.0,0.0,0.122026555,0.122026555,0.3472709,0.3472709,0.0,0.0,0.8145142,0.8145142,1.0,1.0,0.30805784,0.30805784,0.40750176,0.40750176,0.1160938,0.1160938,0.7382328,0.7382328,0.7911087,0.7911087,0.3399437,0.3399437,0.0,0.0,0.34896952,0.34896952,0.12532945,0.12532945,0.0,0.0,0.0,0.0,0.0,0.0,0.1034749,0.1034749,0.0,0.0,0.0,0.0,0.0,0.0,0.0,0.0,0.0,0.0,0.0,0.0,0.0,0.0,0.0,0.0,0.0,0.0,0.108595826,0.108595826,0.40439475,0.40439475,0.1452155,0.1452155,0.40831724,0.40831724,0.24057202,0.24057202,0.8440997,0.8440997,0.50874573,0.50874573,0.18591636,0.18591636,0.64116454,0.64116454,0.56055975,0.56055975,0.585546,0.585546,0.4074276,0.4074276,0.3080418,0.3080418,0.15559246,0.15559246,0.18692495,0.18692495,0.54875046,0.54875046,0.18490009,0.18490009,0.10282592,0.10282592,0.0,0.0,0.1264337,0.1264337,0.0,0.0,0.0,0.0,0.0,0.0,0.0,0.0,0.0,0.0,0.0,0.0,0.0,0.0,0.0,0.0,0.0,0.0,0.5835319,0.5835319,0.6114049,0.6114049,0.44089034,0.44089034
0.0,0.0,0.122026555,0.122026555,0.3472709,0.3472709,0.0,0.0,0.8145142,0.8145142,1.0,1.0,0.30805784,0.30805784,0.40750176,0.40750176,0.1160938,0.1160938,0.7382328,0.7382328,0.7911087,0.7911087,0.3399437,0.3399437,0.0,0.0,0.34896952,0.34896952,0.12532945,0.12532945,0.0,0.0,0.0,0.0,0.0,0.0,0.1034749,0.1034749,0.0,0.0,0.0,0.0,0.0,0.0,0.0,0.0,0.0,0.0,0.0,0.0,0.0,0.0,0.0,0.0,0.0,0.0,0.108595826,0.108595826,0.40439475,0.40439475,0.1452155,0.1452155,0.40831724,0.40831724,0.24057202,0.24057202,0.8440997,0.8440997,0.50874573,0.50874573,0.18591636,0.18591636,0.64116454,0.64116454,0.56055975,0.56055975,0.585546,0.585546,0.4074276,0.4074276,0.3080418,0.3080418,0.15559246,0.15559246,0.18692495,0.18692495,0.54875046,0.54875046,0.18490009,0.18490009,0.10282592,0.10282592,0.0,0.0,0.1264337,0.1264337,0.0,0.0,0.0,0.0,0.0,0.0,0.0,0.0,0.0,0.0,0.0,0.0,0.0,0.0,0.0,0.0,0.0,0.0,0.5835319,0.5835319,0.6114049,0.6114049,0.44089034,0.44089034
0.29165447,0.29165447,0.0,0.0,0.0,0.0,0.0,0.0,0.67873234,0.67873234,0.32464907,0.32464907,1.0,1.0,0.4269276,0.4269276,0.8444664,0.8444664,0.15847324,0.15847324,0.0,0.0,0.0,0.0,0.0,0.0,0.0,0.0,0.13215622,0.13215622,0.44100514,0.44100514,0.0,0.0,0.0,0.0,0.0,0.0,0.0,0.0,0.0,0.0,0.0,0.0,0.0,0.0,0.0,0.0,0.0,0.0,0.0,0.0,0.0,0.0,0.0,0.0,0.68747336,0.68747336,0.27413267,0.27413267,0.23650244,0.23650244,0.0,0.0,0.0,0.0,0.11442734,0.11442734,0.0,0.0,0.6550694,0.6550694,0.19149336,0.19149336,0.0,0.0,0.0,0.0,0.41158637,0.41158637,0.8881441,0.8881441,0.36732078,0.36732078,0.15576564,0.15576564,0.0,0.0,0.0,0.0,0.0,0.0,0.0,0.0,0.0,0.0,0.24766535,0.24766535,0.0,0.0,0.0,0.0,0.0,0.0,0.0,0.0,0.0,0.0,0.0,0.0,0.0,0.0,0.0,0.0,0.89585507,0.89585507,0.45991904,0.45991904,0.129382,0.129382
0.29165447,0.29165447,0.0,0.0,0.0,0.0,0.0,0.0,0.67873234,0.67873234,0.32464907,0.32464907,1.0,1.0,0.4269276,0.4269276,0.8444664,0.8444664,0.15847324,0.15847324,0.0,0.0,0.0,0.0,0.0,0.0,0.0,0.0,0.13215622,0.13215622,0.44100514,0.44100514,0.0,0.0,0.0,0.0,0.0,0.0,0.0,0.0,0.0,0.0,0.0,0.0,0.0,0.0,0.0,0.0,0.0,0.0,0.0,0.0,0.0,0.0,0.0,0.0,0.68747336,0.68747336,0.27413267,0.27413267,0.23650244,0.23650244,0.0,0.0,0.0,0.0,0.11442734,0.11442734,0.0,0.0,0.6550694,0.6550694,0.19149336,0.19149336,0.0,0.0,0.0,0.0,0.41158637,0.41158637,0.8881441,0.8881441,0.36732078,0.36732078,0.15576564,0.15576564,0.0,0.0,0.0,0.0,0.0,0.0,0.0,0.0,0.0,0.0,0.24766535,0.24766535,0.0,0.0,0.0,0.0,0.0,0.0,0.0,0.0,0.0,0.0,0.0,0.0,0.0,0.0,0.0,0.0,0.89585507,0.89585507,0.45991904,0.45991904,0.129382,0.129382
0.0,0.0,0.10264745,0.10264745,0.0,0.0,0.0,0.0,0.77796274,0.77796274,0.41391516,0.41391516,0.42827025,0.42827025,1.0,1.0,0.74926126,0.74926126,0.8278389,0.8278389,0.13720669,0.13720669,0.41240543,0.41240543,0.14272472,0.14272472,0.4370108,0.4370108,0.7702194,0.7702194,0.35326117,0.35326117,0.0,0.0,0.3382348,0.3382348,0.14488673,0.14488673,0.0,0.0,0.0,0.0,0.0,0.0,0.1022616,0.1022616,0.0,0.0,0.0,0.0,0.0,0.0,0.0,0.0,0.0,0.0,0.0,0.0,0.36061412,0.36061412,0.12303175,0.12303175,0.0,0.0,0.0,0.0,0.14613713,0.14613713,0.0,0.0,0.15922792,0.15922792,0.2578479,0.2578479,0.0,0.0,0.23549554,0.23549554,0.87853235,0.87853235,0.8024962,0.8024962,0.82840836,0.82840836,0.81375253,0.81375253,0.6482148,0.6482148,0.23601224,0.23601224,0.14403827,0.14403827,0.0,0.0,0.34014708,0.34014708,0.23193964,0.23193964,0.1313462,0.1313462,0.11115766,0.11115766,0.0,0.0,0.0,0.0,0.0,0.0,0.0,0.0,0.0,0.0,0.0,0.0,0.7052002,0.7052002,0.5613783,0.5613783,0.1804432,0.1804432
0.0,0.0,0.10264745,0.10264745,0.0,0.0,0.0,0.0,0.77796274,0.77796274,0.41391516,0.41391516,0.42827025,0.42827025,1.0,1.0,0.74926126,0.74926126,0.8278389,0.8278389,0.13720669,0.13720669,0.41240543,0.41240543,0.14272472,0.14272472,0.4370108,0.4370108,0.7702194,0.7702194,0.35326117,0.35326117,0.0,0.0,0.3382348,0.3382348,0.14488673,0.14488673,0.0,0.0,0.0,0.0,0.0,0.0,0.1022616,0.1022616,0.0,0.0,0.0,0.0,0.0,0.0,0.0,0.0,0.0,0.0,0.0,0.0,0.36061412,0.36061412,0.12303175,0.12303175,0.0,0.0,0.0,0.0,0.14613713,0.14613713,0.0,0.0,0.15922792,0.15922792,0.2578479,0.2578479,0.0,0.0,0.23549554,0.23549554,0.87853235,0.87853235,0.8024962,0.8024962,0.82840836,0.82840836,0.81375253,0.81375253,0.6482148,0.6482148,0.23601224,0.23601224,0.14403827,0.14403827,0.0,0.0,0.34014708,0.34014708,0.23193964,0.23193964,0.1313462,0.1313462,0.11115766,0.11115766,0.0,0.0,0.0,0.0,0.0,0.0,0.0,0.0,0.0,0.0,0.0,0.0,0.7052002,0.7052002,0.5613783,0.5613783,0.1804432,0.1804432
0.0,0.0,0.0,0.0,0.0,0.0,0.0,0.0,0.3541263,0.3541263,0.10765954,0.10765954,0.84232867,0.84232867,0.76482064,0.76482064,1.0,1.0,0.40363806,0.40363806,0.0,0.0,0.1190152,0.1190152,0.0,0.0,0.13027206,0.13027206,0.35951415,0.35951415,0.7596372,0.7596372,0.21151467,0.21151467,0.0,0.0,0.0,0.0,0.0,0.0,0.0,0.0,0.0,0.0,0.0,0.0,0.0,0.0,0.0,0.0,0.0,0.0,0.0,0.0,0.0,0.0,0.34871194,0.34871194,0.0,0.0,0.0,0.0,0.0,0.0,0.0,0.0,0.0,0.0,0.0,0.0,0.32191283,0.32191283,0.0,0.0,0.0,0.0,0.0,0.0,0.46287864,0.46287864,0.74711496,0.74711496,0.6806575,0.6806575,0.40214506,0.40214506,0.25068134,0.25068134,0.0,0.0,0.0,0.0,0.0,0.0,0.0,0.0,0.52654105,0.52654105,0.117217794,0.117217794,0.0,0.0,0.0,0.0,0.0,0.0,0.0,0.0,0.0,0.0,0.0,0.0,0.0,0.0,0.57332623,0.57332623,0.19545521,0.19545521,0.0,0.0
0.0,0.0,0.0,0.0,0.0,0.0,0.0,0.0,0.3541263,0.3541263,0.10765954,0.10765954,0.84232867,0.84232867,0.76482064,0.76482064,1.0,1.0,0.40363806,0.40363806,0.0,0.0,0.1190152,0.1190152,0.0,0.0,0.13027206,0.13027206,0.35951415,0.35951415,0.7596372,0.7596372,0.21151467,0.21151467,0.0,0.0,0.0,0.0,0.0,0.0,0.0,0.0,0.0,0.0,0.0,0.0,0.0,0.0,0.0,0.0,0.0,0.0,0.0,0.0,0.0,0.0,0.34871194,0.34871194,0.0,0.0,0.0,0.0,0.0,0.0,0.0,0.0,0.0,0.0,0.0,0.0,0.32191283,0.32191283,0.0,0.0,0.0,0.0,0.0,0.0,0.46287864,0.46287864,0.74711496,0.74711496,0.6806575,0.6806575,0.40214506,0.40214506,0.25068134,0.25068134,0.0,0.0,0.0,0.0,0.0,0.0,0.0,0.0,0.52654105,0.52654105,0.117217794,0.117217794,0.0,0.0,0.0,0.0,0.0,0.0,0.0,0.0,0.0,0.0,0.0,0.0,0.0,0.0,0.57332623,0.57332623,0.19545521,0.19545521,0.0,0.0
0.0,0.0,0.0,0.0,0.0,0.0,0.0,0.0,0.40352738,0.40352738,0.7255002,0.7255002,0.15204813,0.15204813,0.8026226,0.8026226,0.37613893,0.37613893,1.0,1.0,0.34143648,0.34143648,0.75311697,0.75311697,0.39740637,0.39740637,0.79791015,0.79791015,0.43128332,0.43128332,0.1284259,0.1284259,0.0,0.0,0.14721948,0.14721948,0.4015375,0.4015375,0.12757169,0.12757169,0.0,0.0,0.12013566,0.12013566,0.0,0.0,0.0,0.0,0.0,0.0,0.0,0.0,0.0,0.0,0.0,0.0,0.0,0.0,0.11813461,0.11813461,0.0,0.0,0.10138286,0.10138286,0.0,0.0,0.3841212,0.3841212,0.1479934,0.1479934,0.0,0.0,0.21857527,0.21857527,0.17175886,0.17175886,0.5324566,0.5324566,0.8324617,0.8324617,0.4284595,0.4284595,0.4565977,0.4565977,0.54791427,0.54791427,0.9511626,0.9511626,0.5332274,0.5332274,0.39993784,0.39993784,0.116355605,0.116355605,0.45518243,0.45518243,0.0,0.0,0.0,0.0,0.16268274,0.16268274,0.15099949,0.15099949,0.0,0.0,0.0,0.0,0.0,0.0,0.0,0.0,0.0,0.0,0.3372555,0.3372555,0.23050317,0.23050317,0.114734866,0.114734866
0.0,0.0,0.0,0.0,0.0,0.0,0.0,0.0,0.40352738,0.40352738,0.7255002,0.7255002,0.15204813,0.15204813,0.8026226,0.8026226,0.37613893,0.37613893,1.0,1.0,0.34143648,0.34143648,0.75311697,0.75311697,0.39740637,0.39740637,0.79791015,0.79791015,0.43128332,0.43128332,0.1284259,0.1284259,0.0,0.0,0.14721948,0.14721948,0.4015375,0.4015375,0.12757169,0.12757169,0.0,0.0,0.12013566,0.12013566,0.0,0.0,0.0,0.0,0.0,0.0,0.0,0.0,0.0,0.0,0.0,0.0,0.0,0.0,0.11813461,0.11813461,0.0,0.0,0.10138286,0.10138286,0.0,0.0,0.3841212,0.3841212,0.1479934,0.1479934,0.0,0.0,0.21857527,0.21857527,0.17175886,0.17175886,0.5324566,0.5324566,0.8324617,0.8324617,0.4284595,0.4284595,0.4565977,0.4565977,0.54791427,0.54791427,0.9511626,0.9511626,0.5332274,0.5332274,0.39993784,0.39993784,0.116355605,0.116355605,0.45518243,0.45518243,0.0,0.0,0.0,0.0,0.16268274,0.16268274,0.15099949,0.15099949,0.0,0.0,0.0,0.0,0.0,0.0,0.0,0.0,0.0,0.0,0.3372555,0.3372555,0.23050317,0.23050317,0.114734866,0.114734866
0.0,0.0,0.0,0.0,0.106224895,0.106224895,0.33693513,0.33693513,0.42741904,0.42741904,0.79199016,0.79199016,0.0,0.0,0.1344716,0.1344716,0.0,0.0,0.3535379,0.3535379,1.0,1.0,0.73285395,0.73285395,0.3420481,0.3420481,0.107043914,0.107043914,0.0,0.0,0.0,0.0,0.0,0.0,0.0,0.0,0.0,0.0,0.0,0.0,0.0,0.0,0.0,0.0,0.0,0.0,0.0,0.0,0.0,0.0,0.0,0.0,0.0,0.0,0.0,0.0,0.0,0.0,0.16629842,0.16629842,0.0,0.0,0.13487424,0.13487424,0.5626066,0.5626066,0.46042484,0.46042484,0.89203495,0.89203495,0.0,0.0,0.27533135,0.27533135,0.5938533,0.5938533,0.9392505,0.9392505,0.13451733,0.13451733,0.0,0.0,0.0,0.0,0.0,0.0,0.21306166,0.21306166,0.5121601,0.5121601,0.11925703,0.11925703,0.0,0.0,0.0,0.0,0.0,0.0,0.0,0.0,0.0,0.0,0.0,0.0,0.0,0.0,0.0,0.0,0.0,0.0,0.0,0.0,0.0,0.0,0.23526464,0.23526464,0.25413448,0.25413448,0.15140833,0.15140833
0.0,0.0,0.0,0.0,0.106224895,0.106224895,0.33693513,0.33693513,0.42741904,0.42741904,0.79199016,0.79199016,0.0,0.0,0.1344716,0.1344716,0.0,0.0,0.3535379,0.3535379,1.0,1.0,0.73285395,0.73285395,0.3420481,0.3420481,0.107043914,0.107043914,0.0,0.0,0.0,0.0,0.0,0.0,0.0,0.0,0.0,0.0,0.0,0.0,0.0,0.0,0.0,0.0,0.0,0.0,0.0,0.0,0.0,0.0,0.0,0.0,0.0,0.0,0.0,0.0,0.0,0.0,0.16629842,0.16629842,0.0,0.0,0.13487424,0.13487424,0.5626066,0.5626066,0.46042484,0.46042484,0.89203495,0.89203495,0.0,0.0,0.27533135,0.27533135,0.5938533,0.5938533,0.9392505,0.9392505,0.13451733,0.13451733,0.0,0.0,0.0,0.0,0.0,0.0,0.21306166,0.21306166,0.5121601,0.5121601,0.11925703,0.11925703,0.0,0.0,0.0,0.0,0.0,0.0,0.0,0.0,0.0,0.0,0.0,0.0,0.0,0.0,0.0,0.0,0.0,0.0,0.0,0.0,0.0,0.0,0.23526464,0.23526464,0.25413448,0.25413448,0.15140833,0.15140833
0.0,0.0,0.0,0.0,0.0,0.0,0.0,0.0,0.13370553,0.13370553,0.3560507,0.3560507,0.0,0.0,0.4173721,0.4173721,0.12049689,0.12049689,0.78081924,0.78081924,0.750188,0.750188,1.0,1.0,0.76823425,0.76823425,0.38835084,0.38835084,0.13524094,0.13524094,0.0,0.0,0.0,0.0,0.0,0.0,0.12122185,0.12122185,0.36712673,0.36712673,0.10689816,0.10689816,0.0,0.0,0.0,0.0,0.0,0.0,0.0,0.0,0.0,0.0,0.0,0.0,0.0,0.0,0.0,0.0,0.0,0.0,0.0,0.0,0.0,0.0,0.18715735,0.18715735,0.12428415,0.12428415,0.46574718,0.46574718,0.0,0.0,0.0,0.0,0.20544001,0.20544001,0.9215882,0.9215882,0.44961467,0.44961467,0.14626358,0.14626358,0.16106863,0.16106863,0.214093,0.214093,0.5944704,0.5944704,0.9162683,0.9162683,0.4164179,0.4164179,0.35364175,0.35364175,0.14704354,0.14704354,0.0,0.0,0.0,0.0,0.0,0.0,0.0,0.0,0.0,0.0,0.0,0.0,0.0,0.0,0.0,0.0,0.21460362,0.21460362,0.10276644,0.10276644,0.0,0.0,0.0,0.0
0.0,0.0,0.0,0.0,0.0,0.0,0.0,0.0,0.13370553,0.13370553,0.3560507,0.3560507,0.0,0.0,0.4173721,0.4173721,0.12049689,0.12049689,0.78081924,0.78081924,0.750188,0.750188,1.0,1.0,0.76823425,0.76823425,0.38835084,0.38835084,0.13524094,0.13524094,0.0,0.0,0.0,0.0,0.0,0.0,0.12122185,0.12122185,0.36712673,0.36712673,0.10689816,0.10689816,0.0,0.0,0.0,0.0,0.0,0.0,0.0,0.0,0.0,0.0,0.0,0.0,0.0,0.0,0.0,0.0,0.0,0.0,0.0,0.0,0.0,0.0,0.18715735,0.18715735,0.12428415,0.12428415,0.46574718,0.46574718,0.0,0.0,0.0,0.0,0.20544001,0.20544001,0.9215882,0.9215882,0.44961467,0.44961467,0.14626358,0.14626358,0.16106863,0.16106863,0.214093,0.214093,0.5944704,0.5944704,0.9162683,0.9162683,0.4164179,0.4164179,0.35364175,0.35364175,0.14704354,0.14704354,0.0,0.0,0.0,0.0,0.0,0.0,0.0,0.0,0.0,0.0,0.0,0.0,0.0,0.0,0.0,0.0,0.21460362,0.21460362,0.10276644,0.10276644,0.0,0.0,0.0,0.0
0.0,0.0,0.0,0.0,0.0,0.0,0.0,0.0,0.0,0.0,0.0,0.0,0.0,0.0,0.111990094,0.111990094,0.0,0.0,0.33742422,0.33742422,0.29438052,0.29438052,0.7228354,0.7228354,1.0,1.0,0.72216344,0.72216344,0.35878167,0.35878167,0.0,0.0,0.0,0.0,0.11202988,0.11202988,0.3316128,0.3316128,0.7190165,0.7190165,0.31920594,0.31920594,0.0,0.0,0.0,0.0,0.0,0.0,0.0,0.0,0.0,0.0,0.0,0.0,0.0,0.0,0.0,0.0,0.0,0.0,0.0,0.0,0.0,0.0,0.0,0.0,0.0,0.0,0.12435309,0.12435309,0.0,0.0,0.0,0.0,0.0,0.0,0.48102823,0.48102823,0.12611125,0.12611125,0.0,0.0,0.132825,0.132825,0.18612474,0.18612474,0.51955056,0.51955056,0.9201929,0.9201929,0.7715213,0.7715213,0.7036397,0.7036397,0.4057065,0.4057065,0.0,0.0,0.0,0.0,0.12466351,0.12466351,0.2838115,0.2838115,0.0,0.0,0.13890311,0.13890311,0.0,0.0,0.0,0.0,0.5156205,0.5156205,0.0,0.0,0.0,0.0,0.0,0.0
0.0,0.0,0.0,0.0,0.0,0.0,0.0,0.0,0.0,0.0,0.0,0.0,0.0,0.0,0.111990094,0.111990094,0.0,0.0,0.33742422,0.33742422,0.29438052,0.29438052,0.7228354,0.7228354,1.0,1.0,0.72216344,0.72216344,0.35878167,0.35878167,0.0,0.0,0.0,0.0,0.11202988,0.11202988,0.3316128,0.3316128,0.7190165,0.7190165,0.31920594,0.31920594,0.0,0.0,0.0,0.0,0.0,0.0,0.0,0.0,0.0,0.0,0.0,0.0,0.0,0.0,0.0,0.0,0.0,0.0,0.0,0.0,0.0,0.0,0.0,0.0,0.0,0.0,0.12435309,0.12435309,0.0,0.0,0.0,0.0,0.0,0.0,0.48102823,0.48102823,0.12611125,0.12611125,0.0,0.0,0.132825,0.132825,0.18612474,0.18612474,0.51955056,0.51955056,0.9201929,0.9201929,0.7715213,0.7715213,0.7036397,0.7036397,0.4057065,0.4057065,0.0,0.0,0.0,0.0,0.12466351,0.12466351,0.2838115,0.2838115,0.0,0.0,0.13890311,0.13890311,0.0,0.0,0.0,0.0,0.5156205,0.5156205,0.0,0.0,0.0,0.0,0.0,0.0
0.0,0.0,0.0,0.0,0.0,0.0,0.0,0.0,0.13834211,0.13834211,0.35312286,0.35312286,0.0,0.0,0.42683306,0.42683306,0.12478442,0.12478442,0.79013425,0.79013425,0.106018916,0.106018916,0.38347244,0.38347244,0.7900422,0.7900422,1.0,1.0,0.81265247,0.81265247,0.3894933,0.3894933,0.0,0.0,0.42694646,0.42694646,0.7837393,0.7837393,0.38800663,0.38800663,0.116151,0.116151,0.37218726,0.37218726,0.1304506,0.1304506,0.0,0.0,0.0,0.0,0.0,0.0,0.0,0.0,0.0,0.0,0.0,0.0,0.0,0.0,0.0,0.0,0.0,0.0,0.0,0.0,0.12867326,0.12867326,0.0,0.0,0.0,0.0,0.0,0.0,0.0,0.0,0.21083233,0.21083233,0.4593552,0.4593552,0.1512188,0.1512188,0.47415316,0.47415316,0.5786017,0.5786017,0.9383676,0.9383676,0.61457366,0.61457366,0.8425128,0.8425128,0.37414268,0.37414268,0.8343395,0.8343395,0.26787764,0.26787764,0.16162285,0.16162285,0.45613226,0.45613226,0.43420982,0.43420982,0.14884911,0.14884911,0.0,0.0,0.11758882,0.11758882,0.0,0.0,0.22987396,0.22987396,0.10656107,0.10656107,0.0,0.0,0.0,0.0
0.0,0.0,0.0,0.0,0.0,0.0,0.0,0.0,0.13834211,0.13834211,0.35312286,0.35312286,0.0,0.0,0.42683306,0.42683306,0.12478442,0.12478442,0.79013425,0.79013425,0.106018916,0.106018916,0.38347244,0.38347244,0.7900422,0.7900422,1.0,1.0,0.81265247,0.81265247,0.3894933,0.3894933,0.0,0.0,0.42694646,0.42694646,0.7837393,0.7837393,0.38800663,0.38800663,0.116151,0.116151,0.37218726,0.37218726,0.1304506,0.1304506,0.0,0.0,0.0,0.0,0.0,0.0,0.0,0.0,0.0,0.0,0.0,0.0,0.0,0.0,0.0,0.0,0.0,0.0,0.0,0.0,0.12867326,0.12867326,0.0,0.0,0.0,0.0,0.0,0.0,0.0,0.0,0.21083233,0.21083233,0.4593552,0.4593552,0.1512188,0.1512188,0.47415316,0.47415316,0.5786017,0.5786017,0.9383676,0.9383676,0.61457366,0.61457366,0.8425128,0.8425128,0.37414268,0.37414268,0.8343395,0.8343395,0.26787764,0.26787764,0.16162285,0.16162285,0.45613226,0.45613226,0.43420982,0.43420982,0.14884911,0.14884911,0.0,0.0,0.11758882,0.11758882,0.0,0.0,0.22987396,0.22987396,0.10656107,0.10656107,0.0,0.0,0.0,0.0
0.0,0.0,0.0,0.0,0.0,0.0,0.0,0.0,0.37009513,0.37009513,0.118698955,0.118698955,0.13434371,0.13434371,0.76840466,0.76840466,0.34776804,0.34776804,0.42507717,0.42507717,0.0,0.0,0.13366011,0.13366011,0.42498282,0.42498282,0.82428706,0.82428706,1.0,1.0,0.7525204,0.7525204,0.20890722,0.20890722,0.74070835,0.74070835,0.43542844,0.43542844,0.14110717,0.14110717,0.0,0.0,0.13605973,0.13605973,0.3556688,0.3556688,0.0,0.0,0.0,0.0,0.0,0.0,0.0,0.0,0.0,0.0,0.0,0.0,0.10355716,0.10355716,0.0,0.0,0.0,0.0,0.0,0.0,0.0,0.0,0.0,0.0,0.0,0.0,0.0,0.0,0.0,0.0,0.0,0.0,0.48077154,0.48077154,0.38296822,0.38296822,0.83401567,0.83401567,0.8354966,0.8354966,0.61965495,0.61965495,0.27432722,0.27432722,0.42757034,0.42757034,0.12898296,0.12898296,0.7588533,0.7588533,0.60414076,0.60414076,0.4199589,0.4199589,0.3893663,0.3893663,0.1730531,0.1730531,0.0,0.0,0.0,0.0,0.12945303,0.12945303,0.110644735,0.110644735,0.0,0.0,0.30684024,0.30684024,0.20659553,0.20659553,0.0,0.0
0.0,0.0,0.0,0.0,0.0,0.0,0.0,0.0,0.37009513,0.37009513,0.118698955,0.118698955,0.13434371,0.13434371,0.76840466,0.76840466,0.34776804,0.34776804,0.42507717,0.42507717,0.0,0.0,0.13366011,0.13366011,0.42498282,0.42498282,0.82428706,0.82428706,1.0,1.0,0.7525204,0.7525204,0.20890722,0.20890722,0.74070835,0.74070835,0.43542844,0.43542844,0.14110717,0.14110717,0.0,0.0,0.13605973,0.13605973,0.3556688,0.3556688,0.0,0.0,0.0,0.0,0.0,0.0,0.0,0.0,0.0,0.0,0.0,0.0,0.10355716,0.10355716,0.0,0.0,0.0,0.0,0.0,0.0,0.0,0.0,0.0,0.0,0.0,0.0,0.0,0.0,0.0,0.0,0.0,0.0,0.48077154,0.48077154,0.38296822,0.38296822,0.83401567,0.83401567,0.8354966,0.8354966,0.61965495,0.61965495,0.27432722,0.27432722,0.42757034,0.42757034,0.12898296,0.12898296,0.7588533,0.7588533,0.60414076,0.60414076,0.4199589,0.4199589,0.3893663,0.3893663,0.1730531,0.1730531,0.0,0.0,0.0,0.0,0.12945303,0.12945303,0.110644735,0.110644735,0.0,0.0,0.30684024,0.30684024,0.20659553,0.20659553,0.0,0.0
0.0,0.0,0.0,0.0,0.0,0.0,0.0,0.0,0.0,0.0,0.0,0.0,0.43280262,0.43280262,0.33777866,0.33777866,0.75988555,0.75988555,0.11574273,0.11574273,0.0,0.0,0.0,0.0,0.11628195,0.11628195,0.3816731,0.3816731,0.7455848,0.7455848,1.0,1.0,0.5936887,0.5936887,0.34482497,0.34482497,0.121899255,0.121899255,0.0,0.0,0.0,0.0,0.0,0.0,0.10936656,0.10936656,0.36857417,0.36857417,0.0,0.0,0.0,0.0,0.0,0.0,0.0,0.0,0.0,0.0,0.0,0.0,0.0,0.0,0.0,0.0,0.0,0.0,0.0,0.0,0.0,0.0,0.0,0.0,0.0,0.0,0.0,0.0,0.0,0.0,0.14337558,0.14337558,0.32691702,0.32691702,0.64128757,0.64128757,0.38722807,0.38722807,0.21829084,0.21829084,0.0,0.0,0.117407344,0.117407344,0.0,0.0,0.31871513,0.31871513,0.92636234,0.92636234,0.4134303,0.4134303,0.1451865,0.1451865,0.0,0.0,0.0,0.0,0.0,0.0,0.0,0.0,0.0,0.0,0.0,0.0,0.2113123,0.2113123,0.0,0.0,0.0,0.0
0.0,0.0,0.0,0.0,0.0,0.0,0.0,0.0,0.0,0.0,0.0,0.0,0.43280262,0.43280262,0.33777866,0.33777866,0.75988555,0.75988555,0.11574273,0.11574273,0.0,0.0,0.0,0.0,0.11628195,0.11628195,0.3816731,0.3816731,0.7455848,0.7455848,1.0,1.0,0.5936887,0.5936887,0.34482497,0.34482497,0.121899255,0.121899255,0.0,0.0,0.0,0.0,0.0,0.0,0.10936656,0.10936656,0.36857417,0.36857417,0.0,0.0,0.0,0.0,0.0,0.0,0.0,0.0,0.0,0.0,0.0,0.0,0.0,0.0,0.0,0.0,0.0,0.0,0.0,0.0,0.0,0.0,0.0,0.0,0.0,0.0,0.0,0.0,0.0,0.0,0.14337558,0.14337558,0.32691702,0.32691702,0.64128757,0.64128757,0.38722807,0.38722807,0.21829084,0.21829084,0.0,0.0,0.117407344,0.117407344,0.0,0.0,0.31871513,0.31871513,0.92636234,0.92636234,0.4134303,0.4134303,0.1451865,0.1451865,0.0,0.0,0.0,0.0,0.0,0.0,0.0,0.0,0.0,0.0,0.0,0.0,0.2113123,0.2113123,0.0,0.0,0.0,0.0
0.0,0.0,0.0,0.0,0.0,0.0,0.0,0.0,0.0,0.0,0.0,0.0,0.14423078,0.14423078,0.0,0.0,0.36760312,0.36760312,0.0,0.0,0.0,0.0,0.0,0.0,0.0,0.0,0.1214417,0.1214417,0.35459384,0.35459384,0.77419424,0.77419424,1.0,1.0,0.7405331,0.7405331,0.40155596,0.40155596,0.12758051,0.12758051,0.0,0.0,0.12013566,0.12013566,0.3736979,0.3736979,0.7677231,0.7677231,0.2388948,0.2388948,0.0,0.0,0.0,0.0,0.0,0.0,0.0,0.0,0.0,0.0,0.0,0.0,0.0,0.0,0.0,0.0,0.0,0.0,0.0,0.0,0.0,0.0,0.0,0.0,0.0,0.0,0.0,0.0,0.0,0.0,0.0,0.0,0.27083805,0.27083805,0.12264767,0.12264767,0.0,0.0,0.0,0.0,0.11815948,0.11815948,0.0,0.0,0.36117354,0.36117354,0.8464443,0.8464443,0.82083327,0.82083327,0.4499427,0.4499427,0.15100944,0.15100944,0.0,0.0,0.0,0.0,0.1388095,0.1388095,0.3424902,0.3424902,0.0,0.0,0.0,0.0,0.0,0.0,0.0,0.0
0.0,0.0,0.0,0.0,0.0,0.0,0.0,0.0,0.0,0.0,0.0,0.0,0.14423078,0.14423078,0.0,0.0,0.36760312,0.36760312,0.0,0.0,0.0,0.0,0.0,0.0,0.0,0.0,0.1214417,0.1214417,0.35459384,0.35459384,0.77419424,0.77419424,1.0,1.0,0.7405331,0.7405331,0.40155596,0.40155596,0.12758051,0.12758051,0.0,0.0,0.12013566,0.12013566,0.3736979,0.3736979,0.7677231,0.7677231,0.2388948,0.2388948,0.0,0.0,0.0,0.0,0.0,0.0,0.0,0.0,0.0,0.0,0.0,0.0,0.0,0.0,0.0,0.0,0.0,0.0,0.0,0.0,0.0,0.0,0.0,0.0,0.0,0.0,0.0,0.0,0.0,0.0,0.0,0.0,0.27083805,0.27083805,0.12264767,0.12264767,0.0,0.0,0.0,0.0,0.11815948,0.11815948,0.0,0.0,0.36117354,0.36117354,0.8464443,0.8464443,0.82083327,0.82083327,0.4499427,0.4499427,0.15100944,0.15100944,0.0,0.0,0.0,0.0,0.1388095,0.1388095,0.3424902,0.3424902,0.0,0.0,0.0,0.0,0.0,0.0,0.0,0.0
0.0,0.0,0.0,0.0,0.0,0.0,0.0,0.0,0.10796833,0.10796833,0.0,0.0,0.0,0.0,0.36185592,0.36185592,0.1020913,0.1020913,0.13546138,0.13546138,0.0,0.0,0.0,0.0,0.1354155,0.1354155,0.4175594,0.4175594,0.7689154,0.7689154,0.35613745,0.35613745,0.57205427,0.57205427,1.0,1.0,0.8180787,0.8180787,0.42279705,0.42279705,0.16992822,0.16992822,0.40661296,0.40661296,0.7710875,0.7710875,0.36082393,0.36082393,0.103034444,0.103034444,0.31758788,0.31758788,0.0,0.0,0.0,0.0,0.0,0.0,0.0,0.0,0.0,0.0,0.0,0.0,0.0,0.0,0.0,0.0,0.0,0.0,0.0,0.0,0.0,0.0,0.0,0.0,0.0,0.0,0.16129853,0.16129853,0.11366139,0.11366139,0.4281756,0.4281756,0.4202217,0.4202217,0.24803056,0.24803056,0.0,0.0,0.41935846,0.41935846,0.26840892,0.26840892,0.7852414,0.7852414,0.58211416,0.58211416,0.83300877,0.83300877,0.80146587,0.80146587,0.4708945,0.4708945,0.18064722,0.18064722,0.0,0.0,0.42662522,0.42662522,0.38511333,0.38511333,0.25596544,0.25596544,0.0,0.0,0.0,0.0,0.0,0.0
0.0,0.0,0.0,0.0,0.0,0.0,0.0,0.0,0.10796833,0.10796833,0.0,0.0,0.0,0.0,0.36185592,0.36185592,0.1020913,0.1020913,0.13546138,0.13546138,0.0,0.0,0.0,0.0,0.1354155,0.1354155,0.4175594,0.4175594,0.7689154,0.7689154,0.35613745,0.35613745,0.57205427,0.57205427,1.0,1.0,0.8180787,0.8180787,0.42279705,0.42279705,0.16992822,0.16992822,0.40661296,0.40661296,0.7710875,0.7710875,0.36082393,0.36082393,0.103034444,0.103034444,0.31758788,0.31758788,0.0,0.0,0.0,0.0,0.0,0.0,0.0,0.0,0.0,0.0,0.0,0.0,0.0,0.0,0.0,0.0,0.0,0.0,0.0,0.0,0.0,0.0,0.0,0.0,0.0,0.0,0.16129853,0.16129853,0.11366139,0.11366139,0.4281756,0.4281756,0.4202217,0.4202217,0.24803056,0.24803056,0.0,0.0,0.41935846,0.41935846,0.26840892,0.26840892,0.7852414,0.7852414,0.58211416,0.58211416,0.83300877,0.83300877,0.80146587,0.80146587,0.4708945,0.4708945,0.18064722,0.18064722,0.0,0.0,0.42662522,0.42662522,0.38511333,0.38511333,0.25596544,0.25596544,0.0,0.0,0.0,0.0,0.0,0.0
0.0,0.0,0.0,0.0,0.0,0.0,0.0,0.0,0.0,0.0,0.0,0.0,0.0,0.0,0.13066514,0.13066514,0.0,0.0,0.37583554,0.37583554,0.0,0.0,0.10854147,0.10854147,0.3757464,0.3757464,0.7650866,0.7650866,0.40626135,0.40626135,0.11355684,0.11355684,0.23008807,0.23008807,0.805685,0.805685,1.0,1.0,0.77631503,0.77631503,0.4395319,0.4395319,0.7784115,0.7784115,0.44228867,0.44228867,0.12246024,0.12246024,0.0,0.0,0.14193326,0.14193326,0.25437716,0.25437716,0.14379789,0.14379789,0.0,0.0,0.0,0.0,0.0,0.0,0.0,0.0,0.0,0.0,0.0,0.0,0.0,0.0,0.0,0.0,0.0,0.0,0.0,0.0,0.0,0.0,0.14649725,0.14649725,0.0,0.0,0.15400983,0.15400983,0.21298543,0.21298543,0.5645519,0.5645519,0.2359987,0.2359987,0.7553657,0.7553657,0.5935859,0.5935859,0.8051277,0.8051277,0.2367069,0.2367069,0.45106223,0.45106223,0.8573258,0.8573258,0.7919535,0.7919535,0.51039195,0.51039195,0.21326512,0.21326512,0.39072827,0.39072827,0.15297134,0.15297134,0.57601476,0.57601476,0.0,0.0,0.0,0.0,0.0,0.0
0.0,0.0,0.0,0.0,0.0,0.0,0.0,0.0,0.0,0.0,0.0,0.0,0.0,0.0,0.13066514,0.13066514,0.0,0.0,0.37583554,0.37583554,0.0,0.0,0.10854147,0.10854147,0.3757464,0.3757464,0.7650866,0.7650866,0.40626135,0.40626135,0.11355684,0.11355684,0.23008807,0.23008807,0.805685,0.805685,1.0,1.0,0.77631503,0.77631503,0.4395319,0.4395319,0.7784115,0.7784115,0.44228867,0.44228867,0.12246024,0.12246024,0.0,0.0,0.14193326,0.14193326,0.25437716,0.25437716,0.14379789,0.14379789,0.0,0.0,0.0,0.0,0.0,0.0,0.0,0.0,0.0,0.0,0.0,0.0,0.0,0.0,0.0,0.0,0.0,0.0,0.0,0.0,0.0,0.0,0.14649725,0.14649725,0.0,0.0,0.15400983,0.15400983,0.21298543,0.21298543,0.5645519,0.5645519,0.2359987,0.2359987,0.7553657,0.7553657,0.5935859,0.5935859,0.8051277,0.8051277,0.2367069,0.2367069,0.45106223,0.45106223,0.8573258,0.8573258,0.7919535,0.7919535,0.51039195,0.51039195,0.21326512,0.21326512,0.39072827,0.39072827,0.15297134,0.15297134,0.57601476,0.57601476,0.0,0.0,0.0,0.0,0.0,0.0
0.0,0.0,0.0,0.0,0.0,0.0,0.0,0.0,0.0,0.0,0.0,0.0,0.0,0.0,0.0,0.0,0.0,0.0,0.12272443,0.12272443,0.0,0.0,0.37604967,0.37604967,0.78238297,0.78238297,0.3852759,0.3852759,0.13369644,0.13369644,0.0,0.0,0.0,0.0,0.42583203,0.42583203,0.7826433,0.7826433,1.0,1.0,0.77372426,0.77372426,0.37243587,0.37243587,0.13056676,0.13056676,0.0,0.0,0.0,0.0,0.0,0.0,0.0,0.0,0.3734666,0.3734666,0.0,0.0,0.0,0.0,0.0,0.0,0.0,0.0,0.0,0.0,0.0,0.0,0.0,0.0,0.0,0.0,0.0,0.0,0.0,0.0,0.1969209,0.1969209,0.0,0.0,0.0,0.0,0.0,0.0,0.0,0.0,0.2283394,0.2283394,0.60605454,0.60605454,0.7734234,0.7734234,0.9531653,0.9531653,0.42524692,0.42524692,0.0,0.0,0.161006,0.161006,0.4549887,0.4549887,0.730676,0.730676,0.35301912,0.35301912,0.4914089,0.4914089,0.11710259,0.11710259,0.0,0.0,0.9385832,0.9385832,0.0,0.0,0.0,0.0,0.0,0.0
0.0,0.0,0.0,0.0,0.0,0.0,0.0,0.0,0.0,0.0,0.0,0.0,0.0,0.0,0.0,0.0,0.0,0.0,0.12272443,0.12272443,0.0,0.0,0.37604967,0.37604967,0.78238297,0.78238297,0.3852759,0.3852759,0.13369644,0.13369644,0.0,0.0,0.0,0.0,0.42583203,0.42583203,0.7826433,0.7826433,1.0,1.0,0.77372426,0.77372426,0.37243587,0.37243587,0.13056676,0.13056676,0.0,0.0,0.0,0.0,0.0,0.0,0.0,0.0,0.3734666,0.3734666,0.0,0.0,0.0,0.0,0.0,0.0,0.0,0.0,0.0,0.0,0.0,0.0,0.0,0.0,0.0,0.0,0.0,0.0,0.0,0.0,0.1969209,0.1969209,0.0,0.0,0.0,0.0,0.0,0.0,0.0,0.0,0.2283394,0.2283394,0.60605454,0.60605454,0.7734234,0.7734234,0.9531653,0.9531653,0.42524692,0.42524692,0.0,0.0,0.161006,0.161006,0.4549887,0.4549887,0.730676,0.730676,0.35301912,0.35301912,0.4914089,0.4914089,0.11710259,0.11710259,0.0,0.0,0.9385832,0.9385832,0.0,0.0,0.0,0.0,0.0,0.0
0.0,0.0,0.0,0.0,0.0,0.0,0.0,0.0,0.0,0.0,0.0,0.0,0.0,0.0,0.0,0.0,0.0,0.0,0.0,0.0,0.0,0.0,0.0,0.0,0.35046598,0.35046598,0.10008677,0.10008677,0.0,0.0,0.0,0.0,0.0,0.0,0.15463744,0.15463744,0.4153338,0.4153338,0.74639857,0.74639857,1.0,1.0,0.7457204,0.7457204,0.3867396,0.3867396,0.10850263,0.10850263,0.0,0.0,0.1262942,0.1262942,0.23063716,0.23063716,0.7468633,0.7468633,0.0,0.0,0.0,0.0,0.0,0.0,0.0,0.0,0.0,0.0,0.0,0.0,0.0,0.0,0.0,0.0,0.0,0.0,0.0,0.0,0.0,0.0,0.0,0.0,0.0,0.0,0.0,0.0,0.0,0.0,0.0,0.0,0.2169112,0.2169112,0.3810622,0.3810622,0.5718491,0.5718491,0.15431328,0.15431328,0.0,0.0,0.117259026,0.117259026,0.40308478,0.40308478,0.79103523,0.79103523,0.7240402,0.7240402,0.8584217,0.8584217,0.3601425,0.3601425,0.11951589,0.11951589,0.90119946,0.90119946,0.0,0.0,0.0,0.0,0.0,0.0
0.0,0.0,0.0,0.0,0.0,0.0,0.0,0.0,0.0,0.0,0.0,0.0,0.0,0.0,0.0,0.0,0.0,0.0,0.0,0.0,0.0,0.0,0.0,0.0,0.35046598,0.35046598,0.10008677,0.10008677,0.0,0.0,0.0,0.0,0.0,0.0,0.15463744,0.15463744,0.4153338,0.4153338,0.74639857,0.74639857,1.0,1.0,0.7457204,0.7457204,0.3867396,0.3867396,0.10850263,0.10850263,0.0,0.0,0.1262942,0.1262942,0.23063716,0.23063716,0.7468633,0.7468633,0.0,0.0,0.0,0.0,0.0,0.0,0.0,0.0,0.0,0.0,0.0,0.0,0.0,0.0,0.0,0.0,0.0,0.0,0.0,0.0,0.0,0.0,0.0,0.0,0.0,0.0,0.0,0.0,0.0,0.0,0.0,0.0,0.2169112,0.2169112,0.3810622,0.3810622,0.5718491,0.5718491,0.15431328,0.15431328,0.0,0.0,0.117259026,0.117259026,0.40308478,0.40308478,0.79103523,0.79103523,0.7240402,0.7240402,0.8584217,0.8584217,0.3601425,0.3601425,0.11951589,0.11951589,0.90119946,0.90119946,0.0,0.0,0.0,0.0,0.0,0.0
0.0,0.0,0.0,0.0,0.0,0.0,0.0,0.0,0.0,0.0,0.0,0.0,0.0,0.0,0.0,0.0,0.0,0.0,0.1022616,0.1022616,0.0,0.0,0.0,0.0,0.116052955,0.116052955,0.34028268,0.34028268,0.120639935,0.120639935,0.0,0.0,0.105820954,0.105820954,0.37855193,0.37855193,0.7335007,0.7335007,0.3794296,0.3794296,0.79035497,0.79035497,1.0,1.0,0.7820667,0.7820667,0.35953158,0.35953158,0.106875144,0.106875144,0.42592642,0.42592642,0.6155818,0.6155818,0.38954777,0.38954777,0.0,0.0,0.0,0.0,0.0,0.0,0.0,0.0,0.0,0.0,0.0,0.0,0.0,0.0,0.0,0.0,0.0,0.0,0.0,0.0,0.0,0.0,0.0,0.0,0.0,0.0,0.0,0.0,0.0,0.0,0.19582695,0.19582695,0.0,0.0,0.33171305,0.33171305,0.24198002,0.24198002,0.3779972,0.3779972,0.0,0.0,0.37889215,0.37889215,0.7393251,0.7393251,0.7599047,0.7599047,0.85672814,0.85672814,0.50928766,0.50928766,0.78193647,0.78193647,0.38377872,0.38377872,0.5562443,0.5562443,0.0,0.0,0.0,0.0,0.0,0.0
0.0,0.0,0.0,0.0,0.0,0.0,0.0,0.0,0.0,0.0,0.0,0.0,0.0,0.0,0.0,0.0,0.0,0.0,0.1022616,0.1022616,0.0,0.0,0.0,0.0,0.116052955,0.116052955,0.34028268,0.34028268,0.120639935,0.120639935,0.0,0.0,0.105820954,0.105820954,0.37855193,0.37855193,0.7335007,0.7335007,0.3794296,0.3794296,0.79035497,0.79035497,1.0,1.0,0.7820667,0.7820667,0.35953158,0.35953158,0.106875144,0.106875144,0.42592642,0.42592642,0.6155818,0.6155818,0.38954777,0.38954777,0.0,0.0,0.0,0.0,0.0,0.0,0.0,0.0,0.0,0.0,0.0,0.0,0.0,0.0,0.0,0.0,0.0,0.0,0.0,0.0,0.0,0.0,0.0,0.0,0.0,0.0,0.0,0.0,0.0,0.0,0.19582695,0.19582695,0.0,0.0,0.33171305,0.33171305,0.24198002,0.24198002,0.3779972,0.3779972,0.0,0.0,0.37889215,0.37889215,0.7393251,0.7393251,0.7599047,0.7599047,0.85672814,0.85672814,0.50928766,0.50928766,0.78193647,0.78193647,0.38377872,0.38377872,0.5562443,0.5562443,0.0,0.0,0.0,0.0,0.0,0.0
0.0,0.0,0.0,0.0,0.0,0.0,0.0,0.0,0.0,0.0,0.0,0.0,0.0,0.0,0.10132399,0.10132399,0.0,0.0,0.0,0.0,0.0,0.0,0.0,0.0,0.0,0.0,0.12595458,0.12595458,0.3551312,0.3551312,0.10563845,0.10563845,0.36578783,0.36578783,0.7507089,0.7507089,0.41127014,0.41127014,0.13225551,0.13225551,0.4117911,0.4117911,0.81160367,0.81160367,1.0,1.0,0.7665481,0.7665481,0.35799783,0.35799783,0.716855,0.716855,0.33483088,0.33483088,0.18284495,0.18284495,0.0,0.0,0.0,0.0,0.0,0.0,0.0,0.0,0.0,0.0,0.0,0.0,0.0,0.0,0.0,0.0,0.0,0.0,0.0,0.0,0.0,0.0,0.0,0.0,0.0,0.0,0.13094264,0.13094264,0.12719446,0.12719446,0.0,0.0,0.0,0.0,0.12257094,0.12257094,0.0,0.0,0.3704139,0.3704139,0.22644062,0.22644062,0.7747766,0.7747766,0.7734798,0.7734798,0.38206854,0.38206854,0.518139,0.518139,0.19513194,0.19513194,0.83194834,0.83194834,0.7920636,0.7920636,0.22407863,0.22407863,0.0,0.0,0.0,0.0,0.0,0.0
0.0,0.0,0.0,0.0,0.0,0.0,0.0,0.0,0.0,0.0,0.0,0.0,0.0,0.0,0.10132399,0.10132399,0.0,0.0,0.0,0.0,0.0,0.0,0.0,0.0,0.0,0.0,0.12595458,0.12595458,0.3551312,0.3551312,0.10563845,0.10563845,0.36578783,0.36578783,0.7507089,0.7507089,0.41127014,0.41127014,0.13225551,0.13225551,0.4117911,0.4117911,0.81160367,0.81160367,1.0,1.0,0.7665481,0.7665481,0.35799783,0.35799783,0.716855,0.716855,0.33483088,0.33483088,0.18284495,0.18284495,0.0,0.0,0.0,0.0,0.0,0.0,0.0,0.0,0.0,0.0,0.0,0.0,0.0,0.0,0.0,0.0,0.0,0.0,0.0,0.0,0.0,0.0,0.0,0.0,0.0,0.0,0.13094264,0.13094264,0.12719446,0.12719446,0.0,0.0,0.0,0.0,0.12257094,0.12257094,0.0,0.0,0.3704139,0.3704139,0.22644062,0.22644062,0.7747766,0.7747766,0.7734798,0.7734798,0.38206854,0.38206854,0.518139,0.518139,0.19513194,0.19513194,0.83194834,0.83194834,0.7920636,0.7920636,0.22407863,0.22407863,0.0,0.0,0.0,0.0,0.0,0.0
0.0,0.0,0.0,0.0,0.0,0.0,0.0,0.0,0.0,0.0,0.0,0.0,0.0,0.0,0.0,0.0,0.10936656,0.10936656,0.0,0.0,0.0,0.0,0.0,0.0,0.0,0.0,0.0,0.0,0.10368447,0.10368447,0.3729511,0.3729511,0.7886607,0.7886607,0.3430178,0.3430178,0.12484486,0.12484486,0.0,0.0,0.112101436,0.112101436,0.3721162,0.3721162,0.7363775,0.7363775,1.0,1.0,0.5956018,0.5956018,0.28888175,0.28888175,0.0,0.0,0.0,0.0,0.0,0.0,0.0,0.0,0.0,0.0,0.0,0.0,0.0,0.0,0.0,0.0,0.0,0.0,0.0,0.0,0.0,0.0,0.0,0.0,0.0,0.0,0.0,0.0,0.0,0.0,0.0,0.0,0.0,0.0,0.0,0.0,0.0,0.0,0.0,0.0,0.0,0.0,0.106538154,0.106538154,0.41417634,0.41417634,0.71254224,0.71254224,0.36297712,0.36297712,0.102402434,0.102402434,0.16239893,0.16239893,0.0,0.0,0.3930943,0.3930943,0.73208916,0.73208916,0.0,0.0,0.0,0.0,0.0,0.0,0.0,0.0
0.0,0.0,0.0,0.0,0.0,0.0,0.0,0.0,0.0,0.0,0.0,0.0,0.0,0.0,0.0,0.0,0.10936656,0.10936656,0.0,0.0,0.0,0.0,0.0,0.0,0.0,0.0,0.0,0.0,0.10368447,0.10368447,0.3729511,0.3729511,0.7886607,0.7886607,0.3430178,0.3430178,0.12484486,0.12484486,0.0,0.0,0.112101436,0.112101436,0.3721162,0.3721162,0.7363775,0.7363775,1.0,1.0,0.5956018,0.5956018,0.28888175,0.28888175,0.0,0.0,0.0,0.0,0.0,0.0,0.0,0.0,0.0,0.0,0.0,0.0,0.0,0.0,0.0,0.0,0.0,0.0,0.0,0.0,0.0,0.0,0.0,0.0,0.0,0.0,0.0,0.0,0.0,0.0,0.0,0.0,0.0,0.0,0.0,0.0,0.0,0.0,0.0,0.0,0.0,0.0,0.106538154,0.106538154,0.41417634,0.41417634,0.71254224,0.71254224,0.36297712,0.36297712,0.102402434,0.102402434,0.16239893,0.16239893,0.0,0.0,0.3930943,0.3930943,0.73208916,0.73208916,0.0,0.0,0.0,0.0,0.0,0.0,0.0,0.0
0.0,0.0,0.0,0.0,0.0,0.0,0.0,0.0,0.0,0.0,0.0,0.0,0.0,0.0,0.0,0.0,0.0,0.0,0.0,0.0,0.0,0.0,0.0,0.0,0.0,0.0,0.0,0.0,0.0,0.0,0.10574489,0.10574489,0.3730399,0.3730399,0.0,0.0,0.0,0.0,0.0,0.0,0.0,0.0,0.117754035,0.117754035,0.35222456,0.35222456,0.7742882,0.7742882,1.0,1.0,0.5091471,0.5091471,0.14078534,0.14078534,0.0,0.0,0.0,0.0,0.0,0.0,0.0,0.0,0.0,0.0,0.0,0.0,0.0,0.0,0.0,0.0,0.0,0.0,0.0,0.0,0.0,0.0,0.0,0.0,0.0,0.0,0.0,0.0,0.0,0.0,0.0,0.0,0.0,0.0,0.0,0.0,0.0,0.0,0.0,0.0,0.0,0.0,0.124069005,0.124069005,0.3061846,0.3061846,0.10151543,0.10151543,0.0,0.0,0.117754035,0.117754035,0.0,0.0,0.26568517,0.26568517,0.44324753,0.44324753,0.0,0.0,0.0,0.0,0.0,0.0,0.0,0.0
0.0,0.0,0.0,0.0,0.0,0.0,0.0,0.0,0.0,0.0,0.0,0.0,0.0,0.0,0.0,0.0,0.0,0.0,0.0,0.0,0.0,0.0,0.0,0.0,0.0,0.0,0.0,0.0,0.0,0.0,0.10574489,0.10574489,0.3730399,0.3730399,0.0,0.0,0.0,0.0,0.0,0.0,0.0,0.0,0.117754035,0.117754035,0.35222456,0.35222456,0.7742882,0.7742882,1.0,1.0,0.5091471,0.5091471,0.14078534,0.14078534,0.0,0.0,0.0,0.0,0.0,0.0,0.0,0.0,0.0,0.0,0.0,0.0,0.0,0.0,0.0,0.0,0.0,0.0,0.0,0.0,0.0,0.0,0.0,0.0,0.0,0.0,0.0,0.0,0.0,0.0,0.0,0.0,0.0,0.0,0.0,0.0,0.0,0.0,0.0,0.0,0.0,0.0,0.124069005,0.124069005,0.3061846,0.3061846,0.10151543,0.10151543,0.0,0.0,0.117754035,0.117754035,0.0,0.0,0.26568517,0.26568517,0.44324753,0.44324753,0.0,0.0,0.0,0.0,0.0,0.0,0.0,0.0
0.0,0.0,0.0,0.0,0.0,0.0,0.0,0.0,0.0,0.0,0.0,0.0,0.0,0.0,0.0,0.0,0.0,0.0,0.0,0.0,0.0,0.0,0.0,0.0,0.0,0.0,0.0,0.0,0.0,0.0,0.0,0.0,0.10809209,0.10809209,0.0,0.0,0.0,0.0,0.0,0.0,0.0,0.0,0.14543825,0.14543825,0.36029968,0.36029968,0.36471498,0.36471498,0.49202517,0.49202517,1.0,1.0,0.21992303,0.21992303,0.13068299,0.13068299,0.0,0.0,0.0,0.0,0.0,0.0,0.0,0.0,0.0,0.0,0.0,0.0,0.0,0.0,0.0,0.0,0.0,0.0,0.0,0.0,0.0,0.0,0.0,0.0,0.0,0.0,0.0,0.0,0.0,0.0,0.0,0.0,0.0,0.0,0.0,0.0,0.0,0.0,0.0,0.0,0.0,0.0,0.18850927,0.18850927,0.0,0.0,0.0,0.0,0.18787912,0.18787912,0.0,0.0,0.38143948,0.38143948,0.5958898,0.5958898,0.0,0.0,0.0,0.0,0.0,0.0,0.0,0.0
0.0,0.0,0.0,0.0,0.0,0.0,0.0,0.0,0.0,0.0,0.0,0.0,0.0,0.0,0.0,0.0,0.0,0.0,0.0,0.0,0.0,0.0,0.0,0.0,0.0,0.0,0.0,0.0,0.0,0.0,0.0,0.0,0.10809209,0.10809209,0.0,0.0,0.0,0.0,0.0,0.0,0.0,0.0,0.14543825,0.14543825,0.36029968,0.36029968,0.36471498,0.36471498,0.49202517,0.49202517,1.0,1.0,0.21992303,0.21992303,0.13068299,0.13068299,0.0,0.0,0.0,0.0,0.0,0.0,0.0,0.0,0.0,0.0,0.0,0.0,0.0,0.0,0.0,0.0,0.0,0.0,0.0,0.0,0.0,0.0,0.0,0.0,0.0,0.0,0.0,0.0,0.0,0.0,0.0,0.0,0.0,0.0,0.0,0.0,0.0,0.0,0.0,0.0,0.0,0.0,0.18850927,0.18850927,0.0,0.0,0.0,0.0,0.18787912,0.18787912,0.0,0.0,0.38143948,0.38143948,0.5958898,0.5958898,0.0,0.0,0.0,0.0,0.0,0.0,0.0,0.0
0.0,0.0,0.0,0.0,0.0,0.0,0.0,0.0,0.0,0.0,0.0,0.0,0.0,0.0,0.0,0.0,0.0,0.0,0.0,0.0,0.0,0.0,0.0,0.0,0.0,0.0,0.113500595,0.113500595,0.0,0.0,0.0,0.0,0.0,0.0,0.151708,0.151708,0.37263125,0.37263125,0.118358456,0.118358456,0.38842332,0.38842332,0.78855,0.78855,0.48256907,0.48256907,0.15340427,0.15340427,0.2713135,0.2713135,0.72210413,0.72210413,1.0,1.0,0.57583,0.57583,0.0,0.0,0.0,0.0,0.0,0.0,0.0,0.0,0.0,0.0,0.0,0.0,0.0,0.0,0.0,0.0,0.0,0.0,0.0,0.0,0.0,0.0,0.0,0.0,0.0,0.0,0.0,0.0,0.0,0.0,0.0,0.0,0.0,0.0,0.109468065,0.109468065,0.0,0.0,0.13193081,0.13193081,0.0,0.0,0.16472206,0.16472206,0.37796146,0.37796146,0.359549,0.359549,0.85760003,0.85760003,0.3052424,0.3052424,0.82840836,0.82840836,0.38670334,0.38670334,0.20778039,0.20778039,0.0,0.0,0.0,0.0,0.0,0.0
0.0,0.0,0.0,0.0,0.0,0.0,0.0,0.0,0.0,0.0,0.0,0.0,0.0,0.0,0.0,0.0,0.0,0.0,0.0,0.0,0.0,0.0,0.0,0.0,0.0,0.0,0.113500595,0.113500595,0.0,0.0,0.0,0.0,0.0,0.0,0.151708,0.151708,0.37263125,0.37263125,0.118358456,0.118358456,0.38842332,0.38842332,0.78855,0.78855,0.48256907,0.48256907,0.15340427,0.15340427,0.2713135,0.2713135,0.72210413,0.72210413,1.0,1.0,0.57583,0.57583,0.0,0.0,0.0,0.0,0.0,0.0,0.0,0.0,0.0,0.0,0.0,0.0,0.0,0.0,0.0,0.0,0.0,0.0,0.0,0.0,0.0,0.0,0.0,0.0,0.0,0.0,0.0,0.0,0.0,0.0,0.0,0.0,0.0,0.0,0.109468065,0.109468065,0.0,0.0,0.13193081,0.13193081,0.0,0.0,0.16472206,0.16472206,0.37796146,0.37796146,0.359549,0.359549,0.85760003,0.85760003,0.3052424,0.3052424,0.82840836,0.82840836,0.38670334,0.38670334,0.20778039,0.20778039,0.0,0.0,0.0,0.0,0.0,0.0
0.0,0.0,0.0,0.0,0.0,0.0,0.0,0.0,0.0,0.0,0.0,0.0,0.0,0.0,0.0,0.0,0.0,0.0,0.0,0.0,0.0,0.0,0.0,0.0,0.11126046,0.11126046,0.0,0.0,0.0,0.0,0.0,0.0,0.0,0.0,0.0,0.0,0.14274384,0.14274384,0.36882156,0.36882156,0.77930826,0.77930826,0.40356427,0.40356427,0.12845239,0.12845239,0.0,0.0,0.0,0.0,0.40505958,0.40505958,0.6104172,0.6104172,1.0,1.0,0.0,0.0,0.0,0.0,0.0,0.0,0.0,0.0,0.0,0.0,0.0,0.0,0.0,0.0,0.0,0.0,0.0,0.0,0.0,0.0,0.0,0.0,0.0,0.0,0.0,0.0,0.0,0.0,0.0,0.0,0.0,0.0,0.0,0.0,0.12568516,0.12568516,0.23382811,0.23382811,0.0,0.0,0.0,0.0,0.0,0.0,0.10979655,0.10979655,0.41169804,0.41169804,0.73346156,0.73346156,0.87556005,0.87556005,0.43615255,0.43615255,0.0,0.0,0.54387933,0.54387933,0.0,0.0,0.0,0.0,0.0,0.0
0.0,0.0,0.0,0.0,0.0,0.0,0.0,0.0,0.0,0.0,0.0,0.0,0.0,0.0,0.0,0.0,0.0,0.0,0.0,0.0,0.0,0.0,0.0,0.0,0.11126046,0.11126046,0.0,0.0,0.0,0.0,0.0,0.0,0.0,0.0,0.0,0.0,0.14274384,0.14274384,0.36882156,0.36882156,0.77930826,0.77930826,0.40356427,0.40356427,0.12845239,0.12845239,0.0,0.0,0.0,0.0,0.40505958,0.40505958,0.6104172,0.6104172,1.0,1.0,0.0,0.0,0.0,0.0,0.0,0.0,0.0,0.0,0.0,0.0,0.0,0.0,0.0,0.0,0.0,0.0,0.0,0.0,0.0,0.0,0.0,0.0,0.0,0.0,0.0,0.0,0.0,0.0,0.0,0.0,0.0,0.0,0.0,0.0,0.12568516,0.12568516,0.23382811,0.23382811,0.0,0.0,0.0,0.0,0.0,0.0,0.10979655,0.10979655,0.41169804,0.41169804,0.73346156,0.73346156,0.87556005,0.87556005,0.43615255,0.43615255,0.0,0.0,0.54387933,0.54387933,0.0,0.0,0.0,0.0,0.0,0.0
0.7717098,0.7717098,0.3383869,0.3383869,0.0,0.0,0.0,0.0,0.33479732,0.33479732,0.11048728,0.11048728,0.6756488,0.6756488,0.0,0.0,0.35947922,0.35947922,0.0,0.0,0.0,0.0,0.0,0.0,0.0,0.0,0.0,0.0,0.0,0.0,0.10378189,0.10378189,0.0,0.0,0.0,0.0,0.0,0.0,0.0,0.0,0.0,0.0,0.0,0.0,0.0,0.0,0.0,0.0,0.0,0.0,0.0,0.0,0.0,0.0,0.0,0.0,1.0,1.0,0.7497827,0.7497827,0.6978451,0.6978451,0.27920374,0.27920374,0.0,0.0,0.2264009,0.2264009,0.0,0.0,0.945634,0.945634,0.5237504,0.5237504,0.121264115,0.121264115,0.0,0.0,0.0,0.0,0.40347204,0.40347204,0.0,0.0,0.0,0.0,0.0,0.0,0.0,0.0,0.0,0.0,0.0,0.0,0.0,0.0,0.0,0.0,0.0,0.0,0.0,0.0,0.0,0.0,0.0,0.0,0.0,0.0,0.0,0.0,0.0,0.0,0.0,0.0,0.41125152,0.41125152,0.5503826,0.5503826,0.49319857,0.49319857
0.7717098,0.7717098,0.3383869,0.3383869,0.0,0.0,0.0,0.0,0.33479732,0.33479732,0.11048728,0.11048728,0.6756488,0.6756488,0.0,0.0,0.35947922,0.35947922,0.0,0.0,0.0,0.0,0.0,0.0,0.0,0.0,0.0,0.0,0.0,0.0,0.10378189,0.10378189,0.0,0.0,0.0,0.0,0.0,0.0,0.0,0.0,0.0,0.0,0.0,0.0,0.0,0.0,0.0,0.0,0.0,0.0,0.0,0.0,0.0,0.0,0.0,0.0,1.0,1.0,0.7497827,0.7497827,0.6978451,0.6978451,0.27920374,0.27920374,0.0,0.0,0.2264009,0.2264009,0.0,0.0,0.945634,0.945634,0.5237504,0.5237504,0.121264115,0.121264115,0.0,0.0,0.0,0.0,0.40347204,0.40347204,0.0,0.0,0.0,0.0,0.0,0.0,0.0,0.0,0.0,0.0,0.0,0.0,0.0,0.0,0.0,0.0,0.0,0.0,0.0,0.0,0.0,0.0,0.0,0.0,0.0,0.0,0.0,0.0,0.0,0.0,0.0,0.0,0.41125152,0.41125152,0.5503826,0.5503826,0.49319857,0.49319857
0.32293335,0.32293335,0.75858545,0.75858545,0.40926334,0.40926334,0.12364817,0.12364817,0.77142704,0.77142704,0.41434428,0.41434428,0.27165562,0.27165562,0.36497867,0.36497867,0.0,0.0,0.11332395,0.11332395,0.13741085,0.13741085,0.0,0.0,0.0,0.0,0.0,0.0,0.1061638,0.1061638,0.0,0.0,0.0,0.0,0.0,0.0,0.0,0.0,0.0,0.0,0.0,0.0,0.0,0.0,0.0,0.0,0.0,0.0,0.0,0.0,0.0,0.0,0.0,0.0,0.0,0.0,0.7264662,0.7264662,1.0,1.0,0.8060263,0.8060263,0.744227,0.744227,0.15305187,0.15305187,0.6279412,0.6279412,0.17458658,0.17458658,0.7917883,0.7917883,0.9309084,0.9309084,0.41546458,0.41546458,0.0,0.0,0.35074157,0.35074157,0.27164075,0.27164075,0.13295187,0.13295187,0.1255202,0.1255202,0.0,0.0,0.0,0.0,0.0,0.0,0.0,0.0,0.0,0.0,0.0,0.0,0.0,0.0,0.0,0.0,0.0,0.0,0.0,0.0,0.0,0.0,0.0,0.0,0.0,0.0,0.0,0.0,0.53539914,0.53539914,0.9430316,0.9430316,0.8995059,0.8995059
0.32293335,0.32293335,0.75858545,0.75858545,0.40926334,0.40926334,0.12364817,0.12364817,0.77142704,0.77142704,0.41434428,0.41434428,0.27165562,0.27165562,0.36497867,0.36497867,0.0,0.0,0.11332395,0.11332395,0.13741085,0.13741085,0.0,0.0,0.0,0.0,0.0,0.0,0.1061638,0.1061638,0.0,0.0,0.0,0.0,0.0,0.0,0.0,0.0,0.0,0.0,0.0,0.0,0.0,0.0,0.0,0.0,0.0,0.0,0.0,0.0,0.0,0.0,0.0,0.0,0.0,0.0,0.7264662,0.7264662,1.0,1.0,0.8060263,0.8060263,0.744227,0.744227,0.15305187,0.15305187,0.6279412,0.6279412,0.17458658,0.17458658,0.7917883,0.7917883,0.9309084,0.9309084,0.41546458,0.41546458,0.0,0.0,0.35074157,0.35074157,0.27164075,0.27164075,0.13295187,0.13295187,0.1255202,0.1255202,0.0,0.0,0.0,0.0,0.0,0.0,0.0,0.0,0.0,0.0,0.0,0.0,0.0,0.0,0.0,0.0,0.0,0.0,0.0,0.0,0.0,0.0,0.0,0.0,0.0,0.0,0.0,0.0,0.53539914,0.53539914,0.9430316,0.9430316,0.8995059,0.8995059
0.79949087,0.79949087,0.79998064,0.79998064,0.40065458,0.40065458,0.12747516,0.12747516,0.40463477,0.40463477,0.14511876,0.14511876,0.22529054,0.22529054,0.12367388,0.12367388,0.0,0.0,0.0,0.0,0.0,0.0,0.0,0.0,0.0,0.0,0.0,0.0,0.0,0.0,0.0,0.0,0.0,0.0,0.0,0.0,0.0,0.0,0.0,0.0,0.0,0.0,0.0,0.0,0.0,0.0,0.0,0.0,0.0,0.0,0.0,0.0,0.0,0.0,0.0,0.0,0.692777,0.692777,0.8227025,0.8227025,1.0,1.0,0.7029189,0.7029189,0.0,0.0,0.2827582,0.2827582,0.0,0.0,0.71574324,0.71574324,0.604614,0.604614,0.20164487,0.20164487,0.0,0.0,0.116806604,0.116806604,0.0,0.0,0.0,0.0,0.0,0.0,0.0,0.0,0.0,0.0,0.0,0.0,0.0,0.0,0.0,0.0,0.0,0.0,0.0,0.0,0.0,0.0,0.0,0.0,0.0,0.0,0.0,0.0,0.0,0.0,0.0,0.0,0.0,0.0,0.21909298,0.21909298,0.62639964,0.62639964,0.6523086,0.6523086
0.79949087,0.79949087,0.79998064,0.79998064,0.40065458,0.40065458,0.12747516,0.12747516,0.40463477,0.40463477,0.14511876,0.14511876,0.22529054,0.22529054,0.12367388,0.12367388,0.0,0.0,0.0,0.0,0.0,0.0,0.0,0.0,0.0,0.0,0.0,0.0,0.0,0.0,0.0,0.0,0.0,0.0,0.0,0.0,0.0,0.0,0.0,0.0,0.0,0.0,0.0,0.0,0.0,0.0,0.0,0.0,0.0,0.0,0.0,0.0,0.0,0.0,0.0,0.0,0.692777,0.692777,0.8227025,0.8227025,1.0,1.0,0.7029189,0.7029189,0.0,0.0,0.2827582,0.2827582,0.0,0.0,0.71574324,0.71574324,0.604614,0.604614,0.20164487,0.20164487,0.0,0.0,0.116806604,0.116806604,0.0,0.0,0.0,0.0,0.0,0.0,0.0,0.0,0.0,0.0,0.0,0.0,0.0,0.0,0.0,0.0,0.0,0.0,0.0,0.0,0.0,0.0,0.0,0.0,0.0,0.0,0.0,0.0,0.0,0.0,0.0,0.0,0.0,0.0,0.21909298,0.21909298,0.62639964,0.62639964,0.6523086,0.6523086
0.31938595,0.31938595,0.7559031,0.7559031,0.84715676,0.84715676,0.4389393,0.4389393,0.29333508,0.29333508,0.40325072,0.40325072,0.0,0.0,0.0,0.0,0.0,0.0,0.10860357,0.10860357,0.15091977,0.15091977,0.0,0.0,0.0,0.0,0.0,0.0,0.0,0.0,0.0,0.0,0.0,0.0,0.0,0.0,0.0,0.0,0.0,0.0,0.0,0.0,0.0,0.0,0.0,0.0,0.0,0.0,0.0,0.0,0.0,0.0,0.0,0.0,0.0,0.0,0.27479154,0.27479154,0.75984734,0.75984734,0.7029189,0.7029189,1.0,1.0,0.30741668,0.30741668,0.75130665,0.75130665,0.34107992,0.34107992,0.29232287,0.29232287,0.4727192,0.4727192,0.6526359,0.6526359,0.0,0.0,0.0,0.0,0.0,0.0,0.0,0.0,0.0,0.0,0.0,0.0,0.0,0.0,0.0,0.0,0.0,0.0,0.0,0.0,0.0,0.0,0.0,0.0,0.0,0.0,0.0,0.0,0.0,0.0,0.0,0.0,0.0,0.0,0.0,0.0,0.0,0.0,0.14547701,0.14547701,0.55593777,0.55593777,0.95355517,0.95355517
0.31938595,0.31938595,0.7559031,0.7559031,0.84715676,0.84715676,0.4389393,0.4389393,0.29333508,0.29333508,0.40325072,0.40325072,0.0,0.0,0.0,0.0,0.0,0.0,0.10860357,0.10860357,0.15091977,0.15091977,0.0,0.0,0.0,0.0,0.0,0.0,0.0,0.0,0.0,0.0,0.0,0.0,0.0,0.0,0.0,0.0,0.0,0.0,0.0,0.0,0.0,0.0,0.0,0.0,0.0,0.0,0.0,0.0,0.0,0.0,0.0,0.0,0.0,0.0,0.27479154,0.27479154,0.75984734,0.75984734,0.7029189,0.7029189,1.0,1.0,0.30741668,0.30741668,0.75130665,0.75130665,0.34107992,0.34107992,0.29232287,0.29232287,0.4727192,0.4727192,0.6526359,0.6526359,0.0,0.0,0.0,0.0,0.0,0.0,0.0,0.0,0.0,0.0,0.0,0.0,0.0,0.0,0.0,0.0,0.0,0.0,0.0,0.0,0.0,0.0,0.0,0.0,0.0,0.0,0.0,0.0,0.0,0.0,0.0,0.0,0.0,0.0,0.0,0.0,0.0,0.0,0.14547701,0.14547701,0.55593777,0.55593777,0.95355517,0.95355517
0.0,0.0,0.21050437,0.21050437,0.5265815,0.5265815,0.9221937,0.9221937,0.0,0.0,0.23681603,0.23681603,0.0,0.0,0.0,0.0,0.0,0.0,0.0,0.0,0.5626066,0.5626066,0.17698878,0.17698878,0.0,0.0,0.0,0.0,0.0,0.0,0.0,0.0,0.0,0.0,0.0,0.0,0.0,0.0,0.0,0.0,0.0,0.0,0.0,0.0,0.0,0.0,0.0,0.0,0.0,0.0,0.0,0.0,0.0,0.0,0.0,0.0,0.0,0.0,0.16137172,0.16137172,0.0,0.0,0.30741668,0.30741668,1.0,1.0,0.54257613,0.54257613,0.83798826,0.83798826,0.0,0.0,0.24018642,0.24018642,0.8291666,0.8291666,0.36145338,0.36145338,0.0,0.0,0.0,0.0,0.0,0.0,0.0,0.0,0.0,0.0,0.0,0.0,0.0,0.0,0.0,0.0,0.0,0.0,0.0,0.0,0.0,0.0,0.0,0.0,0.0,0.0,0.0,0.0,0.0,0.0,0.0,0.0,0.0,0.0,0.0,0.0,0.0,0.0,0.0,0.0,0.3358231,0.3358231
0.0,0.0,0.21050437,0.21050437,0.5265815,0.5265815,0.9221937,0.9221937,0.0,0.0,0.23681603,0.23681603,0.0,0.0,0.0,0.0,0.0,0.0,0.0,0.0,0.5626066,0.5626066,0.17698878,0.17698878,0.0,0.0,0.0,0.0,0.0,0.0,0.0,0.0,0.0,0.0,0.0,0.0,0.0,0.0,0.0,0.0,0.0,0.0,0.0,0.0,0.0,0.0,0.0,0.0,0.0,0.0,0.0,0.0,0.0,0.0,0.0,0.0,0.0,0.0,0.16137172,0.16137172,0.0,0.0,0.30741668,0.30741668,1.0,1.0,0.54257613,0.54257613,0.83798826,0.83798826,0.0,0.0,0.24018642,0.24018642,0.8291666,0.8291666,0.36145338,0.36145338,0.0,0.0,0.0,0.0,0.0,0.0,0.0,0.0,0.0,0.0,0.0,0.0,0.0,0.0,0.0,0.0,0.0,0.0,0.0,0.0,0.0,0.0,0.0,0.0,0.0,0.0,0.0,0.0,0.0,0.0,0.0,0.0,0.0,0.0,0.0,0.0,0.0,0.0,0.0,0.0,0.3358231,0.3358231
0.0,0.0,0.29970372,0.29970372,0.6836332,0.6836332,0.28697035,0.28697035,0.47954813,0.47954813,0.8395071,0.8395071,0.10878225,0.10878225,0.16083904,0.16083904,0.0,0.0,0.4015375,0.4015375,0.4541753,0.4541753,0.11806008,0.11806008,0.0,0.0,0.12924887,0.12924887,0.0,0.0,0.0,0.0,0.0,0.0,0.0,0.0,0.0,0.0,0.0,0.0,0.0,0.0,0.0,0.0,0.0,0.0,0.0,0.0,0.0,0.0,0.0,0.0,0.0,0.0,0.0,0.0,0.22245203,0.22245203,0.62335676,0.62335676,0.28201166,0.28201166,0.75130665,0.75130665,0.54257613,0.54257613,1.0,1.0,0.58431286,0.58431286,0.2377992,0.2377992,0.84762,0.84762,0.8852524,0.8852524,0.27518135,0.27518135,0.15246911,0.15246911,0.10877451,0.10877451,0.0,0.0,0.0,0.0,0.2490718,0.2490718,0.0,0.0,0.0,0.0,0.0,0.0,0.0,0.0,0.0,0.0,0.0,0.0,0.0,0.0,0.0,0.0,0.0,0.0,0.0,0.0,0.0,0.0,0.0,0.0,0.0,0.0,0.27372882,0.27372882,0.51350737,0.51350737,0.78401774,0.78401774
0.0,0.0,0.29970372,0.29970372,0.6836332,0.6836332,0.28697035,0.28697035,0.47954813,0.47954813,0.8395071,0.8395071,0.10878225,0.10878225,0.16083904,0.16083904,0.0,0.0,0.4015375,0.4015375,0.4541753,0.4541753,0.11806008,0.11806008,0.0,0.0,0.12924887,0.12924887,0.0,0.0,0.0,0.0,0.0,0.0,0.0,0.0,0.0,0.0,0.0,0.0,0.0,0.0,0.0,0.0,0.0,0.0,0.0,0.0,0.0,0.0,0.0,0.0,0.0,0.0,0.0,0.0,0.22245203,0.22245203,0.62335676,0.62335676,0.28201166,0.28201166,0.75130665,0.75130665,0.54257613,0.54257613,1.0,1.0,0.58431286,0.58431286,0.2377992,0.2377992,0.84762,0.84762,0.8852524,0.8852524,0.27518135,0.27518135,0.15246911,0.15246911,0.10877451,0.10877451,0.0,0.0,0.0,0.0,0.2490718,0.2490718,0.0,0.0,0.0,0.0,0.0,0.0,0.0,0.0,0.0,0.0,0.0,0.0,0.0,0.0,0.0,0.0,0.0,0.0,0.0,0.0,0.0,0.0,0.0,0.0,0.0,0.0,0.27372882,0.27372882,0.51350737,0.51350737,0.78401774,0.78401774
0.0,0.0,0.0,0.0,0.2858178,0.2858178,0.6083182,0.6083182,0.2044496,0.2044496,0.5097092,0.5097092,0.0,0.0,0.0,0.0,0.0,0.0,0.15828751,0.15828751,0.89203495,0.89203495,0.448458,0.448458,0.15149821,0.15149821,0.0,0.0,0.0,0.0,0.0,0.0,0.0,0.0,0.0,0.0,0.0,0.0,0.0,0.0,0.0,0.0,0.0,0.0,0.0,0.0,0.0,0.0,0.0,0.0,0.0,0.0,0.0,0.0,0.0,0.0,0.0,0.0,0.18373851,0.18373851,0.0,0.0,0.34107992,0.34107992,0.83798826,0.83798826,0.58431286,0.58431286,1.0,1.0,0.0,0.0,0.2693109,0.2693109,0.8629643,0.8629643,0.7073984,0.7073984,0.0,0.0,0.0,0.0,0.0,0.0,0.0,0.0,0.0,0.0,0.26281828,0.26281828,0.0,0.0,0.0,0.0,0.0,0.0,0.0,0.0,0.0,0.0,0.0,0.0,0.0,0.0,0.0,0.0,0.0,0.0,0.0,0.0,0.0,0.0,0.0,0.0,0.0,0.0,0.10275899,0.10275899,0.37106958,0.37106958
0.0,0.0,0.0,0.0,0.2858178,0.2858178,0.6083182,0.6083182,0.2044496,0.2044496,0.5097092,0.5097092,0.0,0.0,0.0,0.0,0.0,0.0,0.15828751,0.15828751,0.89203495,0.89203495,0.448458,0.448458,0.15149821,0.15149821,0.0,0.0,0.0,0.0,0.0,0.0,0.0,0.0,0.0,0.0,0.0,0.0,0.0,0.0,0.0,0.0,0.0,0.0,0.0,0.0,0.0,0.0,0.0,0.0,0.0,0.0,0.0,0.0,0.0,0.0,0.0,0.0,0.18373851,0.18373851,0.0,0.0,0.34107992,0.34107992,0.83798826,0.83798826,0.58431286,0.58431286,1.0,1.0,0.0,0.0,0.2693109,0.2693109,0.8629643,0.8629643,0.7073984,0.7073984,0.0,0.0,0.0,0.0,0.0,0.0,0.0,0.0,0.0,0.0,0.26281828,0.26281828,0.0,0.0,0.0,0.0,0.0,0.0,0.0,0.0,0.0,0.0,0.0,0.0,0.0,0.0,0.0,0.0,0.0,0.0,0.0,0.0,0.0,0.0,0.0,0.0,0.0,0.0,0.10275899,0.10275899,0.37106958,0.37106958
0.5755426,0.5755426,0.35598126,0.35598126,0.12723829,0.12723829,0.0,0.0,0.47519514,0.47519514,0.18417491,0.18417491,0.63876426,0.63876426,0.1585352,0.1585352,0.3286944,0.3286944,0.0,0.0,0.0,0.0,0.0,0.0,0.0,0.0,0.0,0.0,0.0,0.0,0.0,0.0,0.0,0.0,0.0,0.0,0.0,0.0,0.0,0.0,0.0,0.0,0.0,0.0,0.0,0.0,0.0,0.0,0.0,0.0,0.0,0.0,0.0,0.0,0.0,0.0,0.94155455,0.94155455,0.769407,0.769407,0.71836245,0.71836245,0.29500565,0.29500565,0.0,0.0,0.24028274,0.24028274,0.0,0.0,1.0,1.0,0.6437276,0.6437276,0.13018282,0.13018282,0.0,0.0,0.15025376,0.15025376,0.37080368,0.37080368,0.0,0.0,0.0,0.0,0.0,0.0,0.0,0.0,0.0,0.0,0.0,0.0,0.0,0.0,0.0,0.0,0.0,0.0,0.0,0.0,0.0,0.0,0.0,0.0,0.0,0.0,0.0,0.0,0.0,0.0,0.0,0.0,0.3782834,0.3782834,0.7015767,0.7015767,0.5362521,0.5362521
0.5755426,0.5755426,0.35598126,0.35598126,0.12723829,0.12723829,0.0,0.0,0.47519514,0.47519514,0.18417491,0.18417491,0.63876426,0.63876426,0.1585352,0.1585352,0.3286944,0.3286944,0.0,0.0,0.0,0.0,0.0,0.0,0.0,0.0,0.0,0.0,0.0,0.0,0.0,0.0,0.0,0.0,0.0,0.0,0.0,0.0,0.0,0.0,0.0,0.0,0.0,0.0,0.0,0.0,0.0,0.0,0.0,0.0,0.0,0.0,0.0,0.0,0.0,0.0,0.94155455,0.94155455,0.769407,0.769407,0.71836245,0.71836245,0.29500565,0.29500565,0.0,0.0,0.24028274,0.24028274,0.0,0.0,1.0,1.0,0.6437276,0.6437276,0.13018282,0.13018282,0.0,0.0,0.15025376,0.15025376,0.37080368,0.37080368,0.0,0.0,0.0,0.0,0.0,0.0,0.0,0.0,0.0,0.0,0.0,0.0,0.0,0.0,0.0,0.0,0.0,0.0,0.0,0.0,0.0,0.0,0.0,0.0,0.0,0.0,0.0,0.0,0.0,0.0,0.0,0.0,0.3782834,0.3782834,0.7015767,0.7015767,0.5362521,0.5362521
0.17905344,0.17905344,0.5493216,0.5493216,0.3452178,0.3452178,0.0,0.0,0.6372456,0.6372456,0.6373893,0.6373893,0.18287927,0.18287927,0.25688407,0.25688407,0.0,0.0,0.23235697,0.23235697,0.27186403,0.27186403,0.0,0.0,0.0,0.0,0.0,0.0,0.0,0.0,0.0,0.0,0.0,0.0,0.0,0.0,0.0,0.0,0.0,0.0,0.0,0.0,0.0,0.0,0.0,0.0,0.0,0.0,0.0,0.0,0.0,0.0,0.0,0.0,0.0,0.0,0.5158018,0.5158018,0.9270983,0.9270983,0.6017126,0.6017126,0.53416085,0.53416085,0.23890856,0.23890856,0.84607935,0.84607935,0.26795137,0.26795137,0.6437276,0.6437276,1.0,1.0,0.5580844,0.5580844,0.14534135,0.14534135,0.24530008,0.24530008,0.18285643,0.18285643,0.0,0.0,0.0,0.0,0.12870862,0.12870862,0.0,0.0,0.0,0.0,0.0,0.0,0.0,0.0,0.0,0.0,0.0,0.0,0.0,0.0,0.0,0.0,0.0,0.0,0.0,0.0,0.0,0.0,0.0,0.0,0.0,0.0,0.40382257,0.40382257,0.8493857,0.8493857,0.71947217,0.71947217
0.17905344,0.17905344,0.5493216,0.5493216,0.3452178,0.3452178,0.0,0.0,0.6372456,0.6372456,0.6373893,0.6373893,0.18287927,0.18287927,0.25688407,0.25688407,0.0,0.0,0.23235697,0.23235697,0.27186403,0.27186403,0.0,0.0,0.0,0.0,0.0,0.0,0.0,0.0,0.0,0.0,0.0,0.0,0.0,0.0,0.0,0.0,0.0,0.0,0.0,0.0,0.0,0.0,0.0,0.0,0.0,0.0,0.0,0.0,0.0,0.0,0.0,0.0,0.0,0.0,0.5158018,0.5158018,0.9270983,0.9270983,0.6017126,0.6017126,0.53416085,0.53416085,0.23890856,0.23890856,0.84607935,0.84607935,0.26795137,0.26795137,0.6437276,0.6437276,1.0,1.0,0.5580844,0.5580844,0.14534135,0.14534135,0.24530008,0.24530008,0.18285643,0.18285643,0.0,0.0,0.0,0.0,0.12870862,0.12870862,0.0,0.0,0.0,0.0,0.0,0.0,0.0,0.0,0.0,0.0,0.0,0.0,0.0,0.0,0.0,0.0,0.0,0.0,0.0,0.0,0.0,0.0,0.0,0.0,0.0,0.0,0.40382257,0.40382257,0.8493857,0.8493857,0.71947217,0.71947217
0.0,0.0,0.2278205,0.2278205,0.5824224,0.5824224,0.5976797,0.5976797,0.23331456,0.23331456,0.5549568,0.5549568,0.0,0.0,0.0,0.0,0.0,0.0,0.18243359,0.18243359,0.5938533,0.5938533,0.19458188,0.19458188,0.0,0.0,0.0,0.0,0.0,0.0,0.0,0.0,0.0,0.0,0.0,0.0,0.0,0.0,0.0,0.0,0.0,0.0,0.0,0.0,0.0,0.0,0.0,0.0,0.0,0.0,0.0,0.0,0.0,0.0,0.0,0.0,0.11995114,0.11995114,0.4307331,0.4307331,0.21515332,0.21515332,0.6526359,0.6526359,0.8291666,0.8291666,0.8852524,0.8852524,0.8629643,0.8629643,0.12987092,0.12987092,0.5599868,0.5599868,1.0,1.0,0.38856837,0.38856837,0.0,0.0,0.0,0.0,0.0,0.0,0.0,0.0,0.0,0.0,0.0,0.0,0.0,0.0,0.0,0.0,0.0,0.0,0.0,0.0,0.0,0.0,0.0,0.0,0.0,0.0,0.0,0.0,0.0,0.0,0.0,0.0,0.0,0.0,0.0,0.0,0.109452434,0.109452434,0.26043436,0.26043436,0.6877762,0.6877762
0.0,0.0,0.2278205,0.2278205,0.5824224,0.5824224,0.5976797,0.5976797,0.23331456,0.23331456,0.5549568,0.5549568,0.0,0.0,0.0,0.0,0.0,0.0,0.18243359,0.18243359,0.5938533,0.5938533,0.19458188,0.19458188,0.0,0.0,0.0,0.0,0.0,0.0,0.0,0.0,0.0,0.0,0.0,0.0,0.0,0.0,0.0,0.0,0.0,0.0,0.0,0.0,0.0,0.0,0.0,0.0,0.0,0.0,0.0,0.0,0.0,0.0,0.0,0.0,0.11995114,0.11995114,0.4307331,0.4307331,0.21515332,0.21515332,0.6526359,0.6526359,0.8291666,0.8291666,0.8852524,0.8852524,0.8629643,0.8629643,0.12987092,0.12987092,0.5599868,0.5599868,1.0,1.0,0.38856837,0.38856837,0.0,0.0,0.0,0.0,0.0,0.0,0.0,0.0,0.0,0.0,0.0,0.0,0.0,0.0,0.0,0.0,0.0,0.0,0.0,0.0,0.0,0.0,0.0,0.0,0.0,0.0,0.0,0.0,0.0,0.0,0.0,0.0,0.0,0.0,0.0,0.0,0.109452434,0.109452434,0.26043436,0.26043436,0.6877762,0.6877762
0.0,0.0,0.0,0.0,0.0,0.0,0.18771593,0.18771593,0.25472003,0.25472003,0.58653265,0.58653265,0.0,0.0,0.23315252,0.23315252,0.0,0.0,0.55328166,0.55328166,0.9392505,0.9392505,0.9099687,0.9099687,0.5396462,0.5396462,0.21251552,0.21251552,0.0,0.0,0.0,0.0,0.0,0.0,0.0,0.0,0.0,0.0,0.19781356,0.19781356,0.0,0.0,0.0,0.0,0.0,0.0,0.0,0.0,0.0,0.0,0.0,0.0,0.0,0.0,0.0,0.0,0.0,0.0,0.0,0.0,0.0,0.0,0.0,0.0,0.36145338,0.36145338,0.28003672,0.28003672,0.7073984,0.7073984,0.0,0.0,0.14761096,0.14761096,0.38856837,0.38856837,1.0,1.0,0.25678352,0.25678352,0.0,0.0,0.0,0.0,0.10122106,0.10122106,0.37296882,0.37296882,0.7245534,0.7245534,0.23246472,0.23246472,0.1886495,0.1886495,0.0,0.0,0.0,0.0,0.0,0.0,0.0,0.0,0.0,0.0,0.0,0.0,0.0,0.0,0.0,0.0,0.0,0.0,0.10151543,0.10151543,0.12199258,0.12199258,0.13391504,0.13391504,0.0,0.0
0.0,0.0,0.0,0.0,0.0,0.0,0.18771593,0.18771593,0.25472003,0.25472003,0.58653265,0.58653265,0.0,0.0,0.23315252,0.23315252,0.0,0.0,0.55328166,0.55328166,0.9392505,0.9392505,0.9099687,0.9099687,0.5396462,0.5396462,0.21251552,0.21251552,0.0,0.0,0.0,0.0,0.0,0.0,0.0,0.0,0.0,0.0,0.19781356,0.19781356,0.0,0.0,0.0,0.0,0.0,0.0,0.0,0.0,0.0,0.0,0.0,0.0,0.0,0.0,0.0,0.0,0.0,0.0,0.0,0.0,0.0,0.0,0.0,0.0,0.36145338,0.36145338,0.28003672,0.28003672,0.7073984,0.7073984,0.0,0.0,0.14761096,0.14761096,0.38856837,0.38856837,1.0,1.0,0.25678352,0.25678352,0.0,0.0,0.0,0.0,0.10122106,0.10122106,0.37296882,0.37296882,0.7245534,0.7245534,0.23246472,0.23246472,0.1886495,0.1886495,0.0,0.0,0.0,0.0,0.0,0.0,0.0,0.0,0.0,0.0,0.0,0.0,0.0,0.0,0.0,0.0,0.0,0.0,0.10151543,0.10151543,0.12199258,0.12199258,0.13391504,0.13391504,0.0,0.0
0.0,0.0,0.0,0.0,0.0,0.0,0.0,0.0,0.7636037,0.7636037,0.4107866,0.4107866,0.4937757,0.4937757,0.8756672,0.8756672,0.45749032,0.45749032,0.85024107,0.85024107,0.1327526,0.1327526,0.43748778,0.43748778,0.15584719,0.15584719,0.46264473,0.46264473,0.47895646,0.47895646,0.15428291,0.15428291,0.0,0.0,0.14557393,0.14557393,0.15815352,0.15815352,0.0,0.0,0.0,0.0,0.0,0.0,0.0,0.0,0.0,0.0,0.0,0.0,0.0,0.0,0.0,0.0,0.0,0.0,0.0,0.0,0.34742516,0.34742516,0.11665885,0.11665885,0.0,0.0,0.0,0.0,0.15341437,0.15341437,0.0,0.0,0.15147822,0.15147822,0.24703413,0.24703413,0.0,0.0,0.25400606,0.25400606,1.0,1.0,0.77721417,0.77721417,0.54345155,0.54345155,0.52646005,0.52646005,0.67532396,0.67532396,0.25454855,0.25454855,0.15724856,0.15724856,0.0,0.0,0.18938701,0.18938701,0.0,0.0,0.0,0.0,0.0,0.0,0.0,0.0,0.0,0.0,0.0,0.0,0.0,0.0,0.0,0.0,0.0,0.0,0.68989503,0.68989503,0.54581463,0.54581463,0.17195585,0.17195585
0.0,0.0,0.0,0.0,0.0,0.0,0.0,0.0,0.7636037,0.7636037,0.4107866,0.4107866,0.4937757,0.4937757,0.8756672,0.8756672,0.45749032,0.45749032,0.85024107,0.85024107,0.1327526,0.1327526,0.43748778,0.43748778,0.15584719,0.15584719,0.46264473,0.46264473,0.47895646,0.47895646,0.15428291,0.15428291,0.0,0.0,0.14557393,0.14557393,0.15815352,0.15815352,0.0,0.0,0.0,0.0,0.0,0.0,0.0,0.0,0.0,0.0,0.0,0.0,0.0,0.0,0.0,0.0,0.0,0.0,0.0,0.0,0.34742516,0.34742516,0.11665885,0.11665885,0.0,0.0,0.0,0.0,0.15341437,0.15341437,0.0,0.0,0.15147822,0.15147822,0.24703413,0.24703413,0.0,0.0,0.25400606,0.25400606,1.0,1.0,0.77721417,0.77721417,0.54345155,0.54345155,0.52646005,0.52646005,0.67532396,0.67532396,0.25454855,0.25454855,0.15724856,0.15724856,0.0,0.0,0.18938701,0.18938701,0.0,0.0,0.0,0.0,0.0,0.0,0.0,0.0,0.0,0.0,0.0,0.0,0.0,0.0,0.0,0.0,0.0,0.0,0.68989503,0.68989503,0.54581463,0.54581463,0.17195585,0.17195585
0.12284384,0.12284384,0.0,0.0,0.0,0.0,0.0,0.0,0.66382796,0.66382796,0.31266466,0.31266466,0.89202046,0.89202046,0.8169871,0.8169871,0.7419732,0.7419732,0.45750976,0.45750976,0.0,0.0,0.14454882,0.14454882,0.0,0.0,0.15754636,0.15754636,0.4107866,0.4107866,0.3390803,0.3390803,0.0,0.0,0.11407209,0.11407209,0.0,0.0,0.0,0.0,0.0,0.0,0.0,0.0,0.0,0.0,0.0,0.0,0.0,0.0,0.0,0.0,0.0,0.0,0.0,0.0,0.4054107,0.4054107,0.26711115,0.26711115,0.0,0.0,0.0,0.0,0.0,0.0,0.10861908,0.10861908,0.0,0.0,0.37644237,0.37644237,0.18297079,0.18297079,0.0,0.0,0.0,0.0,0.77966297,0.77966297,1.0,1.0,0.63313925,0.63313925,0.45593834,0.45593834,0.2929455,0.2929455,0.0,0.0,0.0,0.0,0.0,0.0,0.1149862,0.1149862,0.1767095,0.1767095,0.0,0.0,0.0,0.0,0.0,0.0,0.0,0.0,0.0,0.0,0.0,0.0,0.0,0.0,0.0,0.0,0.87517697,0.87517697,0.44574413,0.44574413,0.12299758,0.12299758
0.12284384,0.12284384,0.0,0.0,0.0,0.0,0.0,0.0,0.66382796,0.66382796,0.31266466,0.31266466,0.89202046,0.89202046,0.8169871,0.8169871,0.7419732,0.7419732,0.45750976,0.45750976,0.0,0.0,0.14454882,0.14454882,0.0,0.0,0.15754636,0.15754636,0.4107866,0.4107866,0.3390803,0.3390803,0.0,0.0,0.11407209,0.11407209,0.0,0.0,0.0,0.0,0.0,0.0,0.0,0.0,0.0,0.0,0.0,0.0,0.0,0.0,0.0,0.0,0.0,0.0,0.0,0.0,0.4054107,0.4054107,0.26711115,0.26711115,0.0,0.0,0.0,0.0,0.0,0.0,0.10861908,0.10861908,0.0,0.0,0.37644237,0.37644237,0.18297079,0.18297079,0.0,0.0,0.0,0.0,0.77966297,0.77966297,1.0,1.0,0.63313925,0.63313925,0.45593834,0.45593834,0.2929455,0.2929455,0.0,0.0,0.0,0.0,0.0,0.0,0.1149862,0.1149862,0.1767095,0.1767095,0.0,0.0,0.0,0.0,0.0,0.0,0.0,0.0,0.0,0.0,0.0,0.0,0.0,0.0,0.0,0.0,0.87517697,0.87517697,0.44574413,0.44574413,0.12299758,0.12299758
0.0,0.0,0.0,0.0,0.0,0.0,0.0,0.0,0.42607746,0.42607746,0.14176202,0.14176202,0.37878466,0.37878466,0.82404363,0.82404363,0.70255846,0.70255846,0.47954813,0.47954813,0.0,0.0,0.1557147,0.1557147,0.16386394,0.16386394,0.47779354,0.47779354,0.8383938,0.8383938,0.6587676,0.6587676,0.15385826,0.15385826,0.40554014,0.40554014,0.16625565,0.16625565,0.0,0.0,0.0,0.0,0.0,0.0,0.13355091,0.13355091,0.0,0.0,0.0,0.0,0.0,0.0,0.0,0.0,0.0,0.0,0.0,0.0,0.12847003,0.12847003,0.0,0.0,0.0,0.0,0.0,0.0,0.0,0.0,0.0,0.0,0.0,0.0,0.0,0.0,0.0,0.0,0.0,0.0,0.5421487,0.5421487,0.6165488,0.6165488,1.0,1.0,0.87664557,0.87664557,0.31079146,0.31079146,0.0,0.0,0.1653279,0.1653279,0.0,0.0,0.4076314,0.4076314,0.5010554,0.5010554,0.16888846,0.16888846,0.14443311,0.14443311,0.0,0.0,0.0,0.0,0.0,0.0,0.0,0.0,0.0,0.0,0.0,0.0,0.3579456,0.3579456,0.24704815,0.24704815,0.0,0.0
0.0,0.0,0.0,0.0,0.0,0.0,0.0,0.0,0.42607746,0.42607746,0.14176202,0.14176202,0.37878466,0.37878466,0.82404363,0.82404363,0.70255846,0.70255846,0.47954813,0.47954813,0.0,0.0,0.1557147,0.1557147,0.16386394,0.16386394,0.47779354,0.47779354,0.8383938,0.8383938,0.6587676,0.6587676,0.15385826,0.15385826,0.40554014,0.40554014,0.16625565,0.16625565,0.0,0.0,0.0,0.0,0.0,0.0,0.13355091,0.13355091,0.0,0.0,0.0,0.0,0.0,0.0,0.0,0.0,0.0,0.0,0.0,0.0,0.12847003,0.12847003,0.0,0.0,0.0,0.0,0.0,0.0,0.0,0.0,0.0,0.0,0.0,0.0,0.0,0.0,0.0,0.0,0.0,0.0,0.5421487,0.5421487,0.6165488,0.6165488,1.0,1.0,0.87664557,0.87664557,0.31079146,0.31079146,0.0,0.0,0.1653279,0.1653279,0.0,0.0,0.4076314,0.4076314,0.5010554,0.5010554,0.16888846,0.16888846,0.14443311,0.14443311,0.0,0.0,0.0,0.0,0.0,0.0,0.0,0.0,0.0,0.0,0.0,0.0,0.3579456,0.3579456,0.24704815,0.24704815,0.0,0.0
0.0,0.0,0.0,0.0,0.0,0.0,0.0,0.0,0.41812125,0.41812125,0.18876642,0.18876642,0.16244097,0.16244097,0.8166345,0.8166345,0.40017667,0.40017667,0.56912166,0.56912166,0.0,0.0,0.20584948,0.20584948,0.22624204,0.22624204,0.5838196,0.5838196,0.83360636,0.83360636,0.40629834,0.40629834,0.0,0.0,0.39018318,0.39018318,0.22923265,0.22923265,0.0,0.0,0.0,0.0,0.0,0.0,0.12609382,0.12609382,0.0,0.0,0.0,0.0,0.0,0.0,0.0,0.0,0.0,0.0,0.0,0.0,0.12477576,0.12477576,0.0,0.0,0.0,0.0,0.0,0.0,0.0,0.0,0.0,0.0,0.0,0.0,0.0,0.0,0.0,0.0,0.0,0.0,0.533552,0.533552,0.43173888,0.43173888,0.87664557,0.87664557,1.0,1.0,0.3868481,0.3868481,0.12890324,0.12890324,0.22807321,0.22807321,0.0,0.0,0.50922734,0.50922734,0.27401295,0.27401295,0.16000602,0.16000602,0.20173053,0.20173053,0.0,0.0,0.0,0.0,0.0,0.0,0.0,0.0,0.0,0.0,0.0,0.0,0.35062096,0.35062096,0.2411649,0.2411649,0.0,0.0
0.0,0.0,0.0,0.0,0.0,0.0,0.0,0.0,0.41812125,0.41812125,0.18876642,0.18876642,0.16244097,0.16244097,0.8166345,0.8166345,0.40017667,0.40017667,0.56912166,0.56912166,0.0,0.0,0.20584948,0.20584948,0.22624204,0.22624204,0.5838196,0.5838196,0.83360636,0.83360636,0.40629834,0.40629834,0.0,0.0,0.39018318,0.39018318,0.22923265,0.22923265,0.0,0.0,0.0,0.0,0.0,0.0,0.12609382,0.12609382,0.0,0.0,0.0,0.0,0.0,0.0,0.0,0.0,0.0,0.0,0.0,0.0,0.12477576,0.12477576,0.0,0.0,0.0,0.0,0.0,0.0,0.0,0.0,0.0,0.0,0.0,0.0,0.0,0.0,0.0,0.0,0.0,0.0,0.533552,0.533552,0.43173888,0.43173888,0.87664557,0.87664557,1.0,1.0,0.3868481,0.3868481,0.12890324,0.12890324,0.22807321,0.22807321,0.0,0.0,0.50922734,0.50922734,0.27401295,0.27401295,0.16000602,0.16000602,0.20173053,0.20173053,0.0,0.0,0.0,0.0,0.0,0.0,0.0,0.0,0.0,0.0,0.0,0.0,0.35062096,0.35062096,0.2411649,0.2411649,0.0,0.0
0.0,0.0,0.0,0.0,0.0,0.0,0.0,0.0,0.26391295,0.26391295,0.5544052,0.5544052,0.0,0.0,0.63794345,0.63794345,0.24242277,0.24242277,0.9471052,0.9471052,0.21587077,0.21587077,0.5834292,0.5834292,0.5810253,0.5810253,0.9387645,0.9387645,0.6183796,0.6183796,0.2319262,0.2319262,0.0,0.0,0.26015905,0.26015905,0.5856488,0.5856488,0.23062369,0.23062369,0.0,0.0,0.21920958,0.21920958,0.0,0.0,0.0,0.0,0.0,0.0,0.0,0.0,0.0,0.0,0.0,0.0,0.0,0.0,0.0,0.0,0.0,0.0,0.0,0.0,0.0,0.0,0.2486493,0.2486493,0.0,0.0,0.0,0.0,0.12765959,0.12765959,0.0,0.0,0.37122914,0.37122914,0.67260194,0.67260194,0.28385746,0.28385746,0.30680826,0.30680826,0.38482463,0.38482463,1.0,1.0,0.40624288,0.40624288,0.64231294,0.64231294,0.2133542,0.2133542,0.64397365,0.64397365,0.14666292,0.14666292,0.0,0.0,0.2828192,0.2828192,0.26574385,0.26574385,0.0,0.0,0.0,0.0,0.0,0.0,0.0,0.0,0.121899255,0.121899255,0.21270594,0.21270594,0.13581099,0.13581099,0.0,0.0
0.0,0.0,0.0,0.0,0.0,0.0,0.0,0.0,0.26391295,0.26391295,0.5544052,0.5544052,0.0,0.0,0.63794345,0.63794345,0.24242277,0.24242277,0.9471052,0.9471052,0.21587077,0.21587077,0.5834292,0.5834292,0.5810253,0.5810253,0.9387645,0.9387645,0.6183796,0.6183796,0.2319262,0.2319262,0.0,0.0,0.26015905,0.26015905,0.5856488,0.5856488,0.23062369,0.23062369,0.0,0.0,0.21920958,0.21920958,0.0,0.0,0.0,0.0,0.0,0.0,0.0,0.0,0.0,0.0,0.0,0.0,0.0,0.0,0.0,0.0,0.0,0.0,0.0,0.0,0.0,0.0,0.2486493,0.2486493,0.0,0.0,0.0,0.0,0.12765959,0.12765959,0.0,0.0,0.37122914,0.37122914,0.67260194,0.67260194,0.28385746,0.28385746,0.30680826,0.30680826,0.38482463,0.38482463,1.0,1.0,0.40624288,0.40624288,0.64231294,0.64231294,0.2133542,0.2133542,0.64397365,0.64397365,0.14666292,0.14666292,0.0,0.0,0.2828192,0.2828192,0.26574385,0.26574385,0.0,0.0,0.0,0.0,0.0,0.0,0.0,0.0,0.121899255,0.121899255,0.21270594,0.21270594,0.13581099,0.13581099,0.0,0.0
0.0,0.0,0.0,0.0,0.0,0.0,0.0,0.0,0.0,0.0,0.18571974,0.18571974,0.0,0.0,0.22791359,0.22791359,0.0,0.0,0.5453052,0.5453052,0.5126426,0.5126426,0.92392313,0.92392313,0.9536848,0.9536848,0.6113432,0.6113432,0.2705263,0.2705263,0.0,0.0,0.0,0.0,0.0,0.0,0.24755307,0.24755307,0.60807127,0.60807127,0.23717077,0.23717077,0.0,0.0,0.0,0.0,0.0,0.0,0.0,0.0,0.0,0.0,0.0,0.0,0.0,0.0,0.0,0.0,0.0,0.0,0.0,0.0,0.0,0.0,0.0,0.0,0.0,0.0,0.2631536,0.2631536,0.0,0.0,0.0,0.0,0.0,0.0,0.72500724,0.72500724,0.2512052,0.2512052,0.0,0.0,0.0,0.0,0.13028097,0.13028097,0.4131693,0.4131693,1.0,1.0,0.6636853,0.6636853,0.5921872,0.5921872,0.28940722,0.28940722,0.0,0.0,0.0,0.0,0.0,0.0,0.2079304,0.2079304,0.0,0.0,0.0,0.0,0.0,0.0,0.0,0.0,0.40954185,0.40954185,0.0,0.0,0.0,0.0,0.0,0.0
0.0,0.0,0.0,0.0,0.0,0.0,0.0,0.0,0.0,0.0,0.18571974,0.18571974,0.0,0.0,0.22791359,0.22791359,0.0,0.0,0.5453052,0.5453052,0.5126426,0.5126426,0.92392313,0.92392313,0.9536848,0.9536848,0.6113432,0.6113432,0.2705263,0.2705263,0.0,0.0,0.0,0.0,0.0,0.0,0.24755307,0.24755307,0.60807127,0.60807127,0.23717077,0.23717077,0.0,0.0,0.0,0.0,0.0,0.0,0.0,0.0,0.0,0.0,0.0,0.0,0.0,0.0,0.0,0.0,0.0,0.0,0.0,0.0,0.0,0.0,0.0,0.0,0.0,0.0,0.2631536,0.2631536,0.0,0.0,0.0,0.0,0.0,0.0,0.72500724,0.72500724,0.2512052,0.2512052,0.0,0.0,0.0,0.0,0.13028097,0.13028097,0.4131693,0.4131693,1.0,1.0,0.6636853,0.6636853,0.5921872,0.5921872,0.28940722,0.28940722,0.0,0.0,0.0,0.0,0.0,0.0,0.2079304,0.2079304,0.0,0.0,0.0,0.0,0.0,0.0,0.0,0.0,0.40954185,0.40954185,0.0,0.0,0.0,0.0,0.0,0.0
0.0,0.0,0.0,0.0,0.0,0.0,0.0,0.0,0.0,0.0,0.105676435,0.105676435,0.0,0.0,0.1402564,0.1402564,0.0,0.0,0.39468136,0.39468136,0.119733386,0.119733386,0.42836487,0.42836487,0.8331967,0.8331967,0.8343395,0.8343395,0.41770917,0.41770917,0.12218799,0.12218799,0.0,0.0,0.4152591,0.4152591,0.77208674,0.77208674,0.7767647,0.7767647,0.4126662,0.4126662,0.36122602,0.36122602,0.12497449,0.12497449,0.0,0.0,0.0,0.0,0.0,0.0,0.0,0.0,0.11095227,0.11095227,0.0,0.0,0.0,0.0,0.0,0.0,0.0,0.0,0.0,0.0,0.0,0.0,0.0,0.0,0.0,0.0,0.0,0.0,0.0,0.0,0.2332335,0.2332335,0.15693066,0.15693066,0.0,0.0,0.16482824,0.16482824,0.22653334,0.22653334,0.6432561,0.6432561,0.66437846,0.66437846,1.0,1.0,0.7934018,0.7934018,0.8236086,0.8236086,0.17851318,0.17851318,0.16087028,0.16087028,0.4441303,0.4441303,0.6032765,0.6032765,0.17373593,0.17373593,0.16905063,0.16905063,0.11253973,0.11253973,0.0,0.0,0.57650745,0.57650745,0.0,0.0,0.0,0.0,0.0,0.0
0.0,0.0,0.0,0.0,0.0,0.0,0.0,0.0,0.0,0.0,0.105676435,0.105676435,0.0,0.0,0.1402564,0.1402564,0.0,0.0,0.39468136,0.39468136,0.119733386,0.119733386,0.42836487,0.42836487,0.8331967,0.8331967,0.8343395,0.8343395,0.41770917,0.41770917,0.12218799,0.12218799,0.0,0.0,0.4152591,0.4152591,0.77208674,0.77208674,0.7767647,0.7767647,0.4126662,0.4126662,0.36122602,0.36122602,0.12497449,0.12497449,0.0,0.0,0.0,0.0,0.0,0.0,0.0,0.0,0.11095227,0.11095227,0.0,0.0,0.0,0.0,0.0,0.0,0.0,0.0,0.0,0.0,0.0,0.0,0.0,0.0,0.0,0.0,0.0,0.0,0.0,0.0,0.2332335,0.2332335,0.15693066,0.15693066,0.0,0.0,0.16482824,0.16482824,0.22653334,0.22653334,0.6432561,0.6432561,0.66437846,0.66437846,1.0,1.0,0.7934018,0.7934018,0.8236086,0.8236086,0.17851318,0.17851318,0.16087028,0.16087028,0.4441303,0.4441303,0.6032765,0.6032765,0.17373593,0.17373593,0.16905063,0.16905063,0.11253973,0.11253973,0.0,0.0,0.57650745,0.57650745,0.0,0.0,0.0,0.0,0.0,0.0
0.0,0.0,0.0,0.0,0.0,0.0,0.0,0.0,0.0,0.0,0.0,0.0,0.0,0.0,0.0,0.0,0.0,0.0,0.11852447,0.11852447,0.10569166,0.10569166,0.3956314,0.3956314,0.80226135,0.80226135,0.3950101,0.3950101,0.13863176,0.13863176,0.0,0.0,0.0,0.0,0.2792188,0.2792188,0.61212504,0.61212504,0.9536748,0.9536748,0.6023093,0.6023093,0.23629814,0.23629814,0.0,0.0,0.0,0.0,0.0,0.0,0.0,0.0,0.0,0.0,0.23808654,0.23808654,0.0,0.0,0.0,0.0,0.0,0.0,0.0,0.0,0.0,0.0,0.0,0.0,0.0,0.0,0.0,0.0,0.0,0.0,0.0,0.0,0.2102901,0.2102901,0.0,0.0,0.0,0.0,0.0,0.0,0.0,0.0,0.2355499,0.2355499,0.6283728,0.6283728,0.7935483,0.7935483,1.0,1.0,0.427854,0.427854,0.0,0.0,0.0,0.0,0.30285463,0.30285463,0.5563874,0.5563874,0.22247818,0.22247818,0.33313593,0.33313593,0.0,0.0,0.0,0.0,0.8113011,0.8113011,0.0,0.0,0.0,0.0,0.0,0.0
0.0,0.0,0.0,0.0,0.0,0.0,0.0,0.0,0.0,0.0,0.0,0.0,0.0,0.0,0.0,0.0,0.0,0.0,0.11852447,0.11852447,0.10569166,0.10569166,0.3956314,0.3956314,0.80226135,0.80226135,0.3950101,0.3950101,0.13863176,0.13863176,0.0,0.0,0.0,0.0,0.2792188,0.2792188,0.61212504,0.61212504,0.9536748,0.9536748,0.6023093,0.6023093,0.23629814,0.23629814,0.0,0.0,0.0,0.0,0.0,0.0,0.0,0.0,0.0,0.0,0.23808654,0.23808654,0.0,0.0,0.0,0.0,0.0,0.0,0.0,0.0,0.0,0.0,0.0,0.0,0.0,0.0,0.0,0.0,0.0,0.0,0.0,0.0,0.2102901,0.2102901,0.0,0.0,0.0,0.0,0.0,0.0,0.0,0.0,0.2355499,0.2355499,0.6283728,0.6283728,0.7935483,0.7935483,1.0,1.0,0.427854,0.427854,0.0,0.0,0.0,0.0,0.30285463,0.30285463,0.5563874,0.5563874,0.22247818,0.22247818,0.33313593,0.33313593,0.0,0.0,0.0,0.0,0.8113011,0.8113011,0.0,0.0,0.0,0.0,0.0,0.0
0.0,0.0,0.0,0.0,0.0,0.0,0.0,0.0,0.0,0.0,0.12755418,0.12755418,0.0,0.0,0.34337538,0.34337538,0.0,0.0,0.44478324,0.44478324,0.0,0.0,0.14045458,0.14045458,0.4709925,0.4709925,0.8323933,0.8323933,0.76286125,0.76286125,0.32936022,0.32936022,0.21967645,0.21967645,0.75088245,0.75088245,0.8251383,0.8251383,0.46426332,0.46426332,0.1743543,0.1743543,0.41412035,0.41412035,0.37046704,0.37046704,0.10286317,0.10286317,0.0,0.0,0.0,0.0,0.0,0.0,0.0,0.0,0.0,0.0,0.0,0.0,0.0,0.0,0.0,0.0,0.0,0.0,0.0,0.0,0.0,0.0,0.0,0.0,0.0,0.0,0.0,0.0,0.0,0.0,0.18608999,0.18608999,0.105296925,0.105296925,0.40813184,0.40813184,0.5083845,0.5083845,0.6409184,0.6409184,0.31151736,0.31151736,0.8236086,0.8236086,0.42770275,0.42770275,1.0,1.0,0.46736956,0.46736956,0.4359238,0.4359238,0.74037725,0.74037725,0.47883812,0.47883812,0.17283326,0.17283326,0.0,0.0,0.13779211,0.13779211,0.11744855,0.11744855,0.26179913,0.26179913,0.0,0.0,0.0,0.0,0.0,0.0
0.0,0.0,0.0,0.0,0.0,0.0,0.0,0.0,0.0,0.0,0.12755418,0.12755418,0.0,0.0,0.34337538,0.34337538,0.0,0.0,0.44478324,0.44478324,0.0,0.0,0.14045458,0.14045458,0.4709925,0.4709925,0.8323933,0.8323933,0.76286125,0.76286125,0.32936022,0.32936022,0.21967645,0.21967645,0.75088245,0.75088245,0.8251383,0.8251383,0.46426332,0.46426332,0.1743543,0.1743543,0.41412035,0.41412035,0.37046704,0.37046704,0.10286317,0.10286317,0.0,0.0,0.0,0.0,0.0,0.0,0.0,0.0,0.0,0.0,0.0,0.0,0.0,0.0,0.0,0.0,0.0,0.0,0.0,0.0,0.0,0.0,0.0,0.0,0.0,0.0,0.0,0.0,0.0,0.0,0.18608999,0.18608999,0.105296925,0.105296925,0.40813184,0.40813184,0.5083845,0.5083845,0.6409184,0.6409184,0.31151736,0.31151736,0.8236086,0.8236086,0.42770275,0.42770275,1.0,1.0,0.46736956,0.46736956,0.4359238,0.4359238,0.74037725,0.74037725,0.47883812,0.47883812,0.17283326,0.17283326,0.0,0.0,0.13779211,0.13779211,0.11744855,0.11744855,0.26179913,0.26179913,0.0,0.0,0.0,0.0,0.0,0.0
0.0,0.0,0.0,0.0,0.0,0.0,0.0,0.0,0.0,0.0,0.0,0.0,0.24967816,0.24967816,0.22519816,0.22519816,0.53842634,0.53842634,0.0,0.0,0.0,0.0,0.0,0.0,0.0,0.0,0.2681432,0.2681432,0.606034,0.606034,0.9180927,0.9180927,0.69973195,0.69973195,0.5852994,0.5852994,0.2732656,0.2732656,0.0,0.0,0.0,0.0,0.0,0.0,0.28726268,0.28726268,0.46541515,0.46541515,0.0,0.0,0.0,0.0,0.0,0.0,0.0,0.0,0.0,0.0,0.0,0.0,0.0,0.0,0.0,0.0,0.0,0.0,0.0,0.0,0.0,0.0,0.0,0.0,0.0,0.0,0.0,0.0,0.0,0.0,0.0,0.0,0.17500745,0.17500745,0.49081278,0.49081278,0.26697865,0.26697865,0.14105035,0.14105035,0.0,0.0,0.19771697,0.19771697,0.0,0.0,0.49993655,0.49993655,1.0,1.0,0.58908194,0.58908194,0.31321493,0.31321493,0.0,0.0,0.0,0.0,0.0,0.0,0.0,0.0,0.14261968,0.14261968,0.0,0.0,0.102402434,0.102402434,0.0,0.0,0.0,0.0
0.0,0.0,0.0,0.0,0.0,0.0,0.0,0.0,0.0,0.0,0.0,0.0,0.24967816,0.24967816,0.22519816,0.22519816,0.53842634,0.53842634,0.0,0.0,0.0,0.0,0.0,0.0,0.0,0.0,0.2681432,0.2681432,0.606034,0.606034,0.9180927,0.9180927,0.69973195,0.69973195,0.5852994,0.5852994,0.2732656,0.2732656,0.0,0.0,0.0,0.0,0.0,0.0,0.28726268,0.28726268,0.46541515,0.46541515,0.0,0.0,0.0,0.0,0.0,0.0,0.0,0.0,0.0,0.0,0.0,0.0,0.0,0.0,0.0,0.0,0.0,0.0,0.0,0.0,0.0,0.0,0.0,0.0,0.0,0.0,0.0,0.0,0.0,0.0,0.0,0.0,0.17500745,0.17500745,0.49081278,0.49081278,0.26697865,0.26697865,0.14105035,0.14105035,0.0,0.0,0.19771697,0.19771697,0.0,0.0,0.49993655,0.49993655,1.0,1.0,0.58908194,0.58908194,0.31321493,0.31321493,0.0,0.0,0.0,0.0,0.0,0.0,0.0,0.0,0.14261968,0.14261968,0.0,0.0,0.102402434,0.102402434,0.0,0.0,0.0,0.0
0.0,0.0,0.0,0.0,0.0,0.0,0.0,0.0,0.0,0.0,0.0,0.0,0.0,0.0,0.13117568,0.13117568,0.12657337,0.12657337,0.0,0.0,0.0,0.0,0.0,0.0,0.0,0.0,0.16096425,0.16096425,0.4214052,0.4214052,0.41080523,0.41080523,0.7611457,0.7611457,0.81504506,0.81504506,0.47783297,0.47783297,0.16643739,0.16643739,0.13226447,0.13226447,0.41542724,0.41542724,0.781769,0.781769,0.70430005,0.70430005,0.19422379,0.19422379,0.32695025,0.32695025,0.0,0.0,0.0,0.0,0.0,0.0,0.0,0.0,0.0,0.0,0.0,0.0,0.0,0.0,0.0,0.0,0.0,0.0,0.0,0.0,0.0,0.0,0.0,0.0,0.0,0.0,0.0,0.0,0.0,0.0,0.16692978,0.16692978,0.16244097,0.16244097,0.0,0.0,0.0,0.0,0.1549316,0.1549316,0.0,0.0,0.43792686,0.43792686,0.5571643,0.5571643,1.0,1.0,0.7002936,0.7002936,0.29834798,0.29834798,0.18718058,0.18718058,0.0,0.0,0.4374496,0.4374496,0.7047602,0.7047602,0.0,0.0,0.0,0.0,0.0,0.0,0.0,0.0
0.0,0.0,0.0,0.0,0.0,0.0,0.0,0.0,0.0,0.0,0.0,0.0,0.0,0.0,0.13117568,0.13117568,0.12657337,0.12657337,0.0,0.0,0.0,0.0,0.0,0.0,0.0,0.0,0.16096425,0.16096425,0.4214052,0.4214052,0.41080523,0.41080523,0.7611457,0.7611457,0.81504506,0.81504506,0.47783297,0.47783297,0.16643739,0.16643739,0.13226447,0.13226447,0.41542724,0.41542724,0.781769,0.781769,0.70430005,0.70430005,0.19422379,0.19422379,0.32695025,0.32695025,0.0,0.0,0.0,0.0,0.0,0.0,0.0,0.0,0.0,0.0,0.0,0.0,0.0,0.0,0.0,0.0,0.0,0.0,0.0,0.0,0.0,0.0,0.0,0.0,0.0,0.0,0.0,0.0,0.0,0.0,0.16692978,0.16692978,0.16244097,0.16244097,0.0,0.0,0.0,0.0,0.1549316,0.1549316,0.0,0.0,0.43792686,0.43792686,0.5571643,0.5571643,1.0,1.0,0.7002936,0.7002936,0.29834798,0.29834798,0.18718058,0.18718058,0.0,0.0,0.4374496,0.4374496,0.7047602,0.7047602,0.0,0.0,0.0,0.0,0.0,0.0,0.0,0.0
0.0,0.0,0.0,0.0,0.0,0.0,0.0,0.0,0.0,0.0,0.0,0.0,0.0,0.0,0.11660143,0.11660143,0.0,0.0,0.15695113,0.15695113,0.0,0.0,0.0,0.0,0.15689996,0.15689996,0.45367202,0.45367202,0.3900198,0.3900198,0.12140786,0.12140786,0.3415044,0.3415044,0.8152749,0.8152749,0.84700775,0.84700775,0.46523938,0.46523938,0.43253657,0.43253657,0.7742882,0.7742882,0.770276,0.770276,0.36007264,0.36007264,0.10271439,0.10271439,0.31688657,0.31688657,0.25124773,0.25124773,0.112947345,0.112947345,0.0,0.0,0.0,0.0,0.0,0.0,0.0,0.0,0.0,0.0,0.0,0.0,0.0,0.0,0.0,0.0,0.0,0.0,0.0,0.0,0.0,0.0,0.0,0.0,0.0,0.0,0.14945133,0.14945133,0.20122887,0.20122887,0.28035524,0.28035524,0.0,0.0,0.44386157,0.44386157,0.30229902,0.30229902,0.74037725,0.74037725,0.28844947,0.28844947,0.70213777,0.70213777,1.0,1.0,0.77653986,0.77653986,0.50740165,0.50740165,0.19146979,0.19146979,0.42581314,0.42581314,0.3843375,0.3843375,0.45336244,0.45336244,0.0,0.0,0.0,0.0,0.0,0.0
0.0,0.0,0.0,0.0,0.0,0.0,0.0,0.0,0.0,0.0,0.0,0.0,0.0,0.0,0.11660143,0.11660143,0.0,0.0,0.15695113,0.15695113,0.0,0.0,0.0,0.0,0.15689996,0.15689996,0.45367202,0.45367202,0.3900198,0.3900198,0.12140786,0.12140786,0.3415044,0.3415044,0.8152749,0.8152749,0.84700775,0.84700775,0.46523938,0.46523938,0.43253657,0.43253657,0.7742882,0.7742882,0.770276,0.770276,0.36007264,0.36007264,0.10271439,0.10271439,0.31688657,0.31688657,0.25124773,0.25124773,0.112947345,0.112947345,0.0,0.0,0.0,0.0,0.0,0.0,0.0,0.0,0.0,0.0,0.0,0.0,0.0,0.0,0.0,0.0,0.0,0.0,0.0,0.0,0.0,0.0,0.0,0.0,0.0,0.0,0.14945133,0.14945133,0.20122887,0.20122887,0.28035524,0.28035524,0.0,0.0,0.44386157,0.44386157,0.30229902,0.30229902,0.74037725,0.74037725,0.28844947,0.28844947,0.70213777,0.70213777,1.0,1.0,0.77653986,0.77653986,0.50740165,0.50740165,0.19146979,0.19146979,0.42581314,0.42581314,0.3843375,0.3843375,0.45336244,0.45336244,0.0,0.0,0.0,0.0,0.0,0.0
0.0,0.0,0.0,0.0,0.0,0.0,0.0,0.0,0.0,0.0,0.0,0.0,0.0,0.0,0.0,0.0,0.0,0.0,0.14615656,0.14615656,0.0,0.0,0.0,0.0,0.3393848,0.3393848,0.43291664,0.43291664,0.15863842,0.15863842,0.0,0.0,0.0,0.0,0.47539183,0.47539183,0.8287359,0.8287359,0.74372226,0.74372226,0.81932616,0.81932616,0.7544054,0.7544054,0.39491874,0.39491874,0.11203779,0.11203779,0.0,0.0,0.13026313,0.13026313,0.2367069,0.2367069,0.4192647,0.4192647,0.0,0.0,0.0,0.0,0.0,0.0,0.0,0.0,0.0,0.0,0.0,0.0,0.0,0.0,0.0,0.0,0.0,0.0,0.0,0.0,0.0,0.0,0.0,0.0,0.0,0.0,0.0,0.0,0.0,0.0,0.26424932,0.26424932,0.20866893,0.20866893,0.6028032,0.6028032,0.5585549,0.5585549,0.4747822,0.4747822,0.0,0.0,0.29979837,0.29979837,0.77653986,0.77653986,1.0,1.0,0.7077179,0.7077179,0.54184335,0.54184335,0.36804426,0.36804426,0.12332252,0.12332252,0.7650676,0.7650676,0.0,0.0,0.0,0.0,0.0,0.0
0.0,0.0,0.0,0.0,0.0,0.0,0.0,0.0,0.0,0.0,0.0,0.0,0.0,0.0,0.0,0.0,0.0,0.0,0.14615656,0.14615656,0.0,0.0,0.0,0.0,0.3393848,0.3393848,0.43291664,0.43291664,0.15863842,0.15863842,0.0,0.0,0.0,0.0,0.47539183,0.47539183,0.8287359,0.8287359,0.74372226,0.74372226,0.81932616,0.81932616,0.7544054,0.7544054,0.39491874,0.39491874,0.11203779,0.11203779,0.0,0.0,0.13026313,0.13026313,0.2367069,0.2367069,0.4192647,0.4192647,0.0,0.0,0.0,0.0,0.0,0.0,0.0,0.0,0.0,0.0,0.0,0.0,0.0,0.0,0.0,0.0,0.0,0.0,0.0,0.0,0.0,0.0,0.0,0.0,0.0,0.0,0.0,0.0,0.0,0.0,0.26424932,0.26424932,0.20866893,0.20866893,0.6028032,0.6028032,0.5585549,0.5585549,0.4747822,0.4747822,0.0,0.0,0.29979837,0.29979837,0.77653986,0.77653986,1.0,1.0,0.7077179,0.7077179,0.54184335,0.54184335,0.36804426,0.36804426,0.12332252,0.12332252,0.7650676,0.7650676,0.0,0.0,0.0,0.0,0.0,0.0
0.0,0.0,0.0,0.0,0.0,0.0,0.0,0.0,0.0,0.0,0.0,0.0,0.0,0.0,0.0,0.0,0.0,0.0,0.0,0.0,0.0,0.0,0.0,0.0,0.104661666,0.104661666,0.14968874,0.14968874,0.0,0.0,0.0,0.0,0.0,0.0,0.17298709,0.17298709,0.5024349,0.5024349,0.35388392,0.35388392,0.763204,0.763204,0.85863084,0.85863084,0.5254891,0.5254891,0.17615199,0.17615199,0.14701425,0.14701425,0.516265,0.516265,0.7095138,0.7095138,0.7271753,0.7271753,0.0,0.0,0.0,0.0,0.0,0.0,0.0,0.0,0.0,0.0,0.0,0.0,0.0,0.0,0.0,0.0,0.0,0.0,0.0,0.0,0.0,0.0,0.0,0.0,0.0,0.0,0.0,0.0,0.0,0.0,0.0,0.0,0.0,0.0,0.1735264,0.1735264,0.22246511,0.22246511,0.1722407,0.1722407,0.0,0.0,0.18728521,0.18728521,0.50704074,0.50704074,0.70761806,0.70761806,1.0,1.0,0.48041624,0.48041624,0.8620889,0.8620889,0.424172,0.424172,0.52652085,0.52652085,0.0,0.0,0.0,0.0,0.0,0.0
0.0,0.0,0.0,0.0,0.0,0.0,0.0,0.0,0.0,0.0,0.0,0.0,0.0,0.0,0.0,0.0,0.0,0.0,0.0,0.0,0.0,0.0,0.0,0.0,0.104661666,0.104661666,0.14968874,0.14968874,0.0,0.0,0.0,0.0,0.0,0.0,0.17298709,0.17298709,0.5024349,0.5024349,0.35388392,0.35388392,0.763204,0.763204,0.85863084,0.85863084,0.5254891,0.5254891,0.17615199,0.17615199,0.14701425,0.14701425,0.516265,0.516265,0.7095138,0.7095138,0.7271753,0.7271753,0.0,0.0,0.0,0.0,0.0,0.0,0.0,0.0,0.0,0.0,0.0,0.0,0.0,0.0,0.0,0.0,0.0,0.0,0.0,0.0,0.0,0.0,0.0,0.0,0.0,0.0,0.0,0.0,0.0,0.0,0.0,0.0,0.0,0.0,0.1735264,0.1735264,0.22246511,0.22246511,0.1722407,0.1722407,0.0,0.0,0.18728521,0.18728521,0.50704074,0.50704074,0.70761806,0.70761806,1.0,1.0,0.48041624,0.48041624,0.8620889,0.8620889,0.424172,0.424172,0.52652085,0.52652085,0.0,0.0,0.0,0.0,0.0,0.0
0.0,0.0,0.0,0.0,0.0,0.0,0.0,0.0,0.0,0.0,0.0,0.0,0.0,0.0,0.0,0.0,0.0,0.0,0.0,0.0,0.0,0.0,0.0,0.0,0.17610744,0.17610744,0.0,0.0,0.0,0.0,0.0,0.0,0.0,0.0,0.0,0.0,0.21961151,0.21961151,0.49821973,0.49821973,0.8936503,0.8936503,0.49752146,0.49752146,0.20004536,0.20004536,0.0,0.0,0.0,0.0,0.19010298,0.19010298,0.32607174,0.32607174,0.88096493,0.88096493,0.0,0.0,0.0,0.0,0.0,0.0,0.0,0.0,0.0,0.0,0.0,0.0,0.0,0.0,0.0,0.0,0.0,0.0,0.0,0.0,0.0,0.0,0.0,0.0,0.0,0.0,0.0,0.0,0.0,0.0,0.0,0.0,0.0,0.0,0.1962352,0.1962352,0.33803204,0.33803204,0.0,0.0,0.0,0.0,0.0,0.0,0.17404492,0.17404492,0.5458961,0.5458961,0.47558856,0.47558856,1.0,1.0,0.21025223,0.21025223,0.0,0.0,0.6838962,0.6838962,0.0,0.0,0.0,0.0,0.0,0.0
0.0,0.0,0.0,0.0,0.0,0.0,0.0,0.0,0.0,0.0,0.0,0.0,0.0,0.0,0.0,0.0,0.0,0.0,0.0,0.0,0.0,0.0,0.0,0.0,0.17610744,0.17610744,0.0,0.0,0.0,0.0,0.0,0.0,0.0,0.0,0.0,0.0,0.21961151,0.21961151,0.49821973,0.49821973,0.8936503,0.8936503,0.49752146,0.49752146,0.20004536,0.20004536,0.0,0.0,0.0,0.0,0.19010298,0.19010298,0.32607174,0.32607174,0.88096493,0.88096493,0.0,0.0,0.0,0.0,0.0,0.0,0.0,0.0,0.0,0.0,0.0,0.0,0.0,0.0,0.0,0.0,0.0,0.0,0.0,0.0,0.0,0.0,0.0,0.0,0.0,0.0,0.0,0.0,0.0,0.0,0.0,0.0,0.0,0.0,0.1962352,0.1962352,0.33803204,0.33803204,0.0,0.0,0.0,0.0,0.0,0.0,0.17404492,0.17404492,0.5458961,0.5458961,0.47558856,0.47558856,1.0,1.0,0.21025223,0.21025223,0.0,0.0,0.6838962,0.6838962,0.0,0.0,0.0,0.0,0.0,0.0
0.0,0.0,0.0,0.0,0.0,0.0,0.0,0.0,0.0,0.0,0.0,0.0,0.0,0.0,0.0,0.0,0.0,0.0,0.0,0.0,0.0,0.0,0.0,0.0,0.0,0.0,0.11577535,0.11577535,0.13261686,0.13261686,0.0,0.0,0.13216524,0.13216524,0.41378462,0.41378462,0.37763947,0.37763947,0.12070729,0.12070729,0.39353177,0.39353177,0.79371303,0.79371303,0.8384782,0.8384782,0.41694167,0.41694167,0.31719637,0.31719637,0.7794016,0.7794016,0.68332976,0.68332976,0.43949363,0.43949363,0.0,0.0,0.0,0.0,0.0,0.0,0.0,0.0,0.0,0.0,0.0,0.0,0.0,0.0,0.0,0.0,0.0,0.0,0.0,0.0,0.0,0.0,0.0,0.0,0.0,0.0,0.0,0.0,0.0,0.0,0.0,0.0,0.0,0.0,0.111680344,0.111680344,0.0,0.0,0.14068131,0.14068131,0.0,0.0,0.4376405,0.4376405,0.43632415,0.43632415,0.38778925,0.38778925,0.86210483,0.86210483,0.18352056,0.18352056,1.0,1.0,0.7463792,0.7463792,0.2113123,0.2113123,0.0,0.0,0.0,0.0,0.0,0.0
0.0,0.0,0.0,0.0,0.0,0.0,0.0,0.0,0.0,0.0,0.0,0.0,0.0,0.0,0.0,0.0,0.0,0.0,0.0,0.0,0.0,0.0,0.0,0.0,0.0,0.0,0.11577535,0.11577535,0.13261686,0.13261686,0.0,0.0,0.13216524,0.13216524,0.41378462,0.41378462,0.37763947,0.37763947,0.12070729,0.12070729,0.39353177,0.39353177,0.79371303,0.79371303,0.8384782,0.8384782,0.41694167,0.41694167,0.31719637,0.31719637,0.7794016,0.7794016,0.68332976,0.68332976,0.43949363,0.43949363,0.0,0.0,0.0,0.0,0.0,0.0,0.0,0.0,0.0,0.0,0.0,0.0,0.0,0.0,0.0,0.0,0.0,0.0,0.0,0.0,0.0,0.0,0.0,0.0,0.0,0.0,0.0,0.0,0.0,0.0,0.0,0.0,0.0,0.0,0.111680344,0.111680344,0.0,0.0,0.14068131,0.14068131,0.0,0.0,0.4376405,0.4376405,0.43632415,0.43632415,0.38778925,0.38778925,0.86210483,0.86210483,0.18352056,0.18352056,1.0,1.0,0.7463792,0.7463792,0.2113123,0.2113123,0.0,0.0,0.0,0.0,0.0,0.0
0.0,0.0,0.0,0.0,0.0,0.0,0.0,0.0,0.0,0.0,0.0,0.0,0.0,0.0,0.0,0.0,0.0,0.0,0.0,0.0,0.0,0.0,0.0,0.0,0.0,0.0,0.0,0.0,0.10971828,0.10971828,0.0,0.0,0.35537392,0.35537392,0.3645392,0.3645392,0.13630886,0.13630886,0.0,0.0,0.12515622,0.12515622,0.40052596,0.40052596,0.79046535,0.79046535,0.75519294,0.75519294,0.35965374,0.35965374,0.71871924,0.71871924,0.26168275,0.26168275,0.15366644,0.15366644,0.0,0.0,0.0,0.0,0.0,0.0,0.0,0.0,0.0,0.0,0.0,0.0,0.0,0.0,0.0,0.0,0.0,0.0,0.0,0.0,0.0,0.0,0.0,0.0,0.0,0.0,0.0,0.0,0.0,0.0,0.0,0.0,0.0,0.0,0.0,0.0,0.0,0.0,0.11670812,0.11670812,0.11564489,0.11564489,0.7047602,0.7047602,0.39125553,0.39125553,0.111696236,0.111696236,0.42424744,0.42424744,0.0,0.0,0.7464373,0.7464373,1.0,1.0,0.0,0.0,0.0,0.0,0.0,0.0,0.0,0.0
0.0,0.0,0.0,0.0,0.0,0.0,0.0,0.0,0.0,0.0,0.0,0.0,0.0,0.0,0.0,0.0,0.0,0.0,0.0,0.0,0.0,0.0,0.0,0.0,0.0,0.0,0.0,0.0,0.10971828,0.10971828,0.0,0.0,0.35537392,0.35537392,0.3645392,0.3645392,0.13630886,0.13630886,0.0,0.0,0.12515622,0.12515622,0.40052596,0.40052596,0.79046535,0.79046535,0.75519294,0.75519294,0.35965374,0.35965374,0.71871924,0.71871924,0.26168275,0.26168275,0.15366644,0.15366644,0.0,0.0,0.0,0.0,0.0,0.0,0.0,0.0,0.0,0.0,0.0,0.0,0.0,0.0,0.0,0.0,0.0,0.0,0.0,0.0,0.0,0.0,0.0,0.0,0.0,0.0,0.0,0.0,0.0,0.0,0.0,0.0,0.0,0.0,0.0,0.0,0.0,0.0,0.11670812,0.11670812,0.11564489,0.11564489,0.7047602,0.7047602,0.39125553,0.39125553,0.111696236,0.111696236,0.42424744,0.42424744,0.0,0.0,0.7464373,0.7464373,1.0,1.0,0.0,0.0,0.0,0.0,0.0,0.0,0.0,0.0
0.0,0.0,0.0,0.0,0.0,0.0,0.0,0.0,0.0,0.0,0.0,0.0,0.0,0.0,0.0,0.0,0.0,0.0,0.0,0.0,0.0,0.0,0.23978746,0.23978746,0.6114049,0.6114049,0.24692202,0.24692202,0.0,0.0,0.0,0.0,0.0,0.0,0.27890116,0.27890116,0.62787956,0.62787956,0.95346534,0.95346534,0.89768726,0.89768726,0.51394993,0.51394993,0.2102019,0.2102019,0.0,0.0,0.0,0.0,0.0,0.0,0.10011591,0.10011591,0.51511717,0.51511717,0.0,0.0,0.0,0.0,0.0,0.0,0.0,0.0,0.0,0.0,0.0,0.0,0.0,0.0,0.0,0.0,0.0,0.0,0.0,0.0,0.11161688,0.11161688,0.0,0.0,0.0,0.0,0.0,0.0,0.0,0.0,0.13263497,0.13263497,0.43394348,0.43394348,0.60152733,0.60152733,0.8347142,0.8347142,0.27843267,0.27843267,0.0,0.0,0.10990623,0.10990623,0.45183495,0.45183495,0.7863892,0.7863892,0.4917866,0.4917866,0.64268196,0.64268196,0.19193079,0.19193079,0.0,0.0,1.0,1.0,0.0,0.0,0.0,0.0,0.0,0.0
0.0,0.0,0.0,0.0,0.0,0.0,0.0,0.0,0.0,0.0,0.0,0.0,0.0,0.0,0.0,0.0,0.0,0.0,0.0,0.0,0.0,0.0,0.23978746,0.23978746,0.6114049,0.6114049,0.24692202,0.24692202,0.0,0.0,0.0,0.0,0.0,0.0,0.27890116,0.27890116,0.62787956,0.62787956,0.95346534,0.95346534,0.89768726,0.89768726,0.51394993,0.51394993,0.2102019,0.2102019,0.0,0.0,0.0,0.0,0.0,0.0,0.10011591,0.10011591,0.51511717,0.51511717,0.0,0.0,0.0,0.0,0.0,0.0,0.0,0.0,0.0,0.0,0.0,0.0,0.0,0.0,0.0,0.0,0.0,0.0,0.0,0.0,0.11161688,0.11161688,0.0,0.0,0.0,0.0,0.0,0.0,0.0,0.0,0.13263497,0.13263497,0.43394348,0.43394348,0.60152733,0.60152733,0.8347142,0.8347142,0.27843267,0.27843267,0.0,0.0,0.10990623,0.10990623,0.45183495,0.45183495,0.7863892,0.7863892,0.4917866,0.4917866,0.64268196,0.64268196,0.19193079,0.19193079,0.0,0.0,1.0,1.0,0.0,0.0,0.0,0.0,0.0,0.0
0.12741369,0.12741369,0.18518838,0.18518838,0.0,0.0,0.0,0.0,0.91886383,0.91886383,0.58772504,0.58772504,0.88397425,0.88397425,0.70522016,0.70522016,0.5813334,0.5813334,0.3492616,0.3492616,0.23738925,0.23738925,0.0,0.0,0.0,0.0,0.10515297,0.10515297,0.30841076,0.30841076,0.22018287,0.22018287,0.0,0.0,0.0,0.0,0.0,0.0,0.0,0.0,0.0,0.0,0.0,0.0,0.0,0.0,0.0,0.0,0.0,0.0,0.0,0.0,0.0,0.0,0.0,0.0,0.4152404,0.4152404,0.5275125,0.5275125,0.2163199,0.2163199,0.14598162,0.14598162,0.0,0.0,0.2721917,0.2721917,0.0,0.0,0.38594407,0.38594407,0.40245822,0.40245822,0.108650155,0.108650155,0.12332252,0.12332252,0.68880564,0.68880564,0.8738094,0.8738094,0.3623988,0.3623988,0.34787095,0.34787095,0.20992489,0.20992489,0.0,0.0,0.0,0.0,0.0,0.0,0.0,0.0,0.10328812,0.10328812,0.0,0.0,0.0,0.0,0.0,0.0,0.0,0.0,0.0,0.0,0.0,0.0,0.0,0.0,0.0,0.0,1.0,1.0,0.7392276,0.7392276,0.29924613,0.29924613
0.12741369,0.12741369,0.18518838,0.18518838,0.0,0.0,0.0,0.0,0.91886383,0.91886383,0.58772504,0.58772504,0.88397425,0.88397425,0.70522016,0.70522016,0.5813334,0.5813334,0.3492616,0.3492616,0.23738925,0.23738925,0.0,0.0,0.0,0.0,0.10515297,0.10515297,0.30841076,0.30841076,0.22018287,0.22018287,0.0,0.0,0.0,0.0,0.0,0.0,0.0,0.0,0.0,0.0,0.0,0.0,0.0,0.0,0.0,0.0,0.0,0.0,0.0,0.0,0.0,0.0,0.0,0.0,0.4152404,0.4152404,0.5275125,0.5275125,0.2163199,0.2163199,0.14598162,0.14598162,0.0,0.0,0.2721917,0.2721917,0.0,0.0,0.38594407,0.38594407,0.40245822,0.40245822,0.108650155,0.108650155,0.12332252,0.12332252,0.68880564,0.68880564,0.8738094,0.8738094,0.3623988,0.3623988,0.34787095,0.34787095,0.20992489,0.20992489,0.0,0.0,0.0,0.0,0.0,0.0,0.0,0.0,0.10328812,0.10328812,0.0,0.0,0.0,0.0,0.0,0.0,0.0,0.0,0.0,0.0,0.0,0.0,0.0,0.0,0.0,0.0,1.0,1.0,0.7392276,0.7392276,0.29924613,0.29924613
0.19110385,0.19110385,0.5707005,0.5707005,0.25527778,0.25527778,0.0,0.0,0.9310756,0.9310756,0.6080095,0.6080095,0.44534048,0.44534048,0.5597209,0.5597209,0.19343746,0.19343746,0.23894967,0.23894967,0.25110605,0.25110605,0.0,0.0,0.0,0.0,0.0,0.0,0.20679471,0.20679471,0.0,0.0,0.0,0.0,0.0,0.0,0.0,0.0,0.0,0.0,0.0,0.0,0.0,0.0,0.0,0.0,0.0,0.0,0.0,0.0,0.0,0.0,0.0,0.0,0.0,0.0,0.5492809,0.5492809,0.93937457,0.93937457,0.6232129,0.6232129,0.5554473,0.5554473,0.0,0.0,0.51137626,0.51137626,0.10119167,0.10119167,0.7012961,0.7012961,0.8491716,0.8491716,0.26008657,0.26008657,0.13198489,0.13198489,0.543024,0.543024,0.445302,0.445302,0.24946651,0.24946651,0.23784025,0.23784025,0.13305156,0.13305156,0.0,0.0,0.0,0.0,0.0,0.0,0.0,0.0,0.0,0.0,0.0,0.0,0.0,0.0,0.0,0.0,0.0,0.0,0.0,0.0,0.0,0.0,0.0,0.0,0.0,0.0,0.7404163,0.7404163,1.0,1.0,0.74000716,0.74000716
0.19110385,0.19110385,0.5707005,0.5707005,0.25527778,0.25527778,0.0,0.0,0.9310756,0.9310756,0.6080095,0.6080095,0.44534048,0.44534048,0.5597209,0.5597209,0.19343746,0.19343746,0.23894967,0.23894967,0.25110605,0.25110605,0.0,0.0,0.0,0.0,0.0,0.0,0.20679471,0.20679471,0.0,0.0,0.0,0.0,0.0,0.0,0.0,0.0,0.0,0.0,0.0,0.0,0.0,0.0,0.0,0.0,0.0,0.0,0.0,0.0,0.0,0.0,0.0,0.0,0.0,0.0,0.5492809,0.5492809,0.93937457,0.93937457,0.6232129,0.6232129,0.5554473,0.5554473,0.0,0.0,0.51137626,0.51137626,0.10119167,0.10119167,0.7012961,0.7012961,0.8491716,0.8491716,0.26008657,0.26008657,0.13198489,0.13198489,0.543024,0.543024,0.445302,0.445302,0.24946651,0.24946651,0.23784025,0.23784025,0.13305156,0.13305156,0.0,0.0,0.0,0.0,0.0,0.0,0.0,0.0,0.0,0.0,0.0,0.0,0.0,0.0,0.0,0.0,0.0,0.0,0.0,0.0,0.0,0.0,0.0,0.0,0.0,0.0,0.7404163,0.7404163,1.0,1.0,0.74000716,0.74000716
0.21534534,0.21534534,0.63281065,0.63281065,0.6830465,0.6830465,0.28502047,0.28502047,0.5143524,0.5143524,0.43565702,0.43565702,0.12302321,0.12302321,0.17979819,0.17979819,0.0,0.0,0.122673266,0.122673266,0.16885602,0.16885602,0.0,0.0,0.0,0.0,0.0,0.0,0.0,0.0,0.0,0.0,0.0,0.0,0.0,0.0,0.0,0.0,0.0,0.0,0.0,0.0,0.0,0.0,0.0,0.0,0.0,0.0,0.0,0.0,0.0,0.0,0.0,0.0,0.0,0.0,0.49011758,0.49011758,0.91063815,0.91063815,0.6743086,0.6743086,0.95355517,0.95355517,0.3358231,0.3358231,0.78401774,0.78401774,0.37106958,0.37106958,0.53647554,0.53647554,0.71969,0.71969,0.6877762,0.6877762,0.0,0.0,0.17072193,0.17072193,0.12301465,0.12301465,0.0,0.0,0.0,0.0,0.0,0.0,0.0,0.0,0.0,0.0,0.0,0.0,0.0,0.0,0.0,0.0,0.0,0.0,0.0,0.0,0.0,0.0,0.0,0.0,0.0,0.0,0.0,0.0,0.0,0.0,0.0,0.0,0.30058843,0.30058843,0.74047464,0.74047464,1.0,1.0
0.21534534,0.21534534,0.63281065,0.63281065,0.6830465,0.6830465,0.28502047,0.28502047,0.5143524,0.5143524,0.43565702,0.43565702,0.12302321,0.12302321,0.17979819,0.17979819,0.0,0.0,0.122673266,0.122673266,0.16885602,0.16885602,0.0,0.0,0.0,0.0,0.0,0.0,0.0,0.0,0.0,0.0,0.0,0.0,0.0,0.0,0.0,0.0,0.0,0.0,0.0,0.0,0.0,0.0,0.0,0.0,0.0,0.0,0.0,0.0,0.0,0.0,0.0,0.0,0.0,0.0,0.49011758,0.49011758,0.91063815,0.91063815,0.6743086,0.6743086,0.95355517,0.95355517,0.3358231,0.3358231,0.78401774,0.78401774,0.37106958,0.37106958,0.53647554,0.53647554,0.71969,0.71969,0.6877762,0.6877762,0.0,0.0,0.17072193,0.17072193,0.12301465,0.12301465,0.0,0.0,0.0,0.0,0.0,0.0,0.0,0.0,0.0,0.0,0.0,0.0,0.0,0.0,0.0,0.0,0.0,0.0,0.0,0.0,0.0,0.0,0.0,0.0,0.0,0.0,0.0,0.0,0.0,0.0,0.0,0.0,0.30058843,0.30058843,0.74047464,0.74047464,1.0,1.0
