from,to,cost
0,0,0.0
0,1,2.2692
0,2,4.2511
0,3,8.136
0,4,11.6337
0,5,8.3424
0,6,6.5142
0,7,4.6094
0,8,13.0922
0,9,10.995
0,10,9.7557
0,11,7.3138
0,12,14.8898
0,13,12.9989
0,14,11.5106
0,15,9.7954
0,16,8.3701
0,17,17.7646
0,18,16.4422
0,19,14.2727
0,20,12.6031
0,21,10.4514
0,22,19.2951
0,23,18.4737
0,24,16.3919
0,25,15.3013
0,26,12.5204
0,27,21.4434
0,28,19.9339
0,29,17.4237
0,30,15.3619
0,31,6.2981
0,32,11.4989
0,33,13.2134
0,34,15.2561
0,35,7.042
0,36,6.1837
0,37,3.9453
0,38,2.1537
0,39,8.5391
0,40,10.8032
0,41,13.8297
0,42,17.3423
0,43,16.1295
0,44,15.1666
0,45,16.6415
0,46,19.4082
0,47,13.541
0,48,7.7506
0,49,6.152
1,0,2.3734
1,1,0.0
1,2,1.9819
1,3,5.8667
1,4,8.8892
1,5,6.1854
1,6,4.3989
1,7,6.932
1,8,11.3322
1,9,9.2351
1,10,7.6925
1,11,7.5235
1,12,14.1069
1,13,11.2389
1,14,9.4425
1,15,9.1752
1,16,10.6325
1,17,16.0226
1,18,14.7001
1,19,12.5127
1,20,10.5581
1,21,12.7138
1,22,17.5531
1,23,16.1799
1,24,14.6319
1,25,13.2466
1,26,14.8431
1,27,19.7014
1,28,17.9867
1,29,14.9365
1,30,17.6846
1,31,8.5605
1,32,9.4357
1,33,11.4534
1,34,13.514
1,35,4.9609
1,36,4.0438
1,37,1.8299
1,38,4.4764
1,39,5.986
1,40,9.0432
1,41,12.1344
1,42,15.6002
1,43,14.3696
1,44,14.1178
1,45,14.5867
1,46,17.1144
1,47,15.8637
1,48,9.1613
1,49,6.9169
2,0,4.3318
2,1,2.1122
2,2,0.0
2,3,4.0409
2,4,7.9458
2,5,4.4715
2,6,6.2218
2,7,8.8904
2,8,9.5064
2,9,7.4093
2,10,7.1941
2,11,9.6358
2,12,11.322
2,13,9.4131
2,14,9.5062
2,15,11.2294
2,16,12.6511
2,17,14.1968
2,18,12.8744
2,19,10.6869
2,20,12.5004
2,21,14.7324
2,22,16.0352
2,23,14.3542
2,24,12.8061
2,25,15.2526
2,26,16.8014
2,27,17.8756
2,28,16.161
2,29,16.4708
2,30,19.6429
2,31,10.5792
2,32,11.378
2,33,9.6276
2,34,11.6883
2,35,6.9032
2,36,2.218
2,37,3.7883
2,38,6.4348
2,39,4.1602
2,40,7.2175
2,41,12.6427
2,42,13.7745
2,43,12.5438
2,44,16.1238
2,45,14.4819
2,46,15.2886
2,47,17.822
2,48,11.1036
2,49,8.8591
3,0,7.8403
3,1,5.6208
3,2,3.6156
3,3,0.0
3,4,4.8014
3,5,7.8543
3,6,9.6046
3,7,12.3002
3,8,8.6854
3,9,9.3366
3,10,10.5759
3,11,12.9904
3,12,9.2987
3,13,11.0912
3,14,12.6926
3,15,14.4159
3,16,15.8547
3,17,11.5949
3,18,11.9555
3,19,13.8734
3,20,15.7867
3,21,17.9193
3,22,13.0527
3,23,13.9342
3,24,16.0558
3,25,18.5023
3,26,19.9884
3,27,15.2011
3,28,17.9085
3,29,19.7374
3,30,22.8151
3,31,14.0546
3,32,14.6764
3,33,12.8141
3,34,10.7165
3,35,10.286
3,36,5.4949
3,37,7.2968
3,38,9.7671
3,39,3.8049
3,40,10.5994
3,41,15.9093
3,42,12.8556
3,43,14.3322
3,44,19.3735
3,45,17.7316
3,46,14.8687
3,47,21.009
3,48,14.6554
3,49,12.2419
4,0,11.9144
4,1,9.6469
4,2,7.9433
4,3,4.8438
4,4,0.0
4,5,3.6886
4,6,5.4389
4,7,8.1345
4,8,4.2358
4,9,5.1709
4,10,6.4102
4,11,8.852
4,12,5.3821
4,13,7.1746
4,14,8.7224
4,15,10.4993
4,16,11.9382
4,17,7.6784
4,18,7.9861
4,19,9.9568
4,20,11.8701
4,21,14.0028
4,22,9.1362
4,23,10.0176
4,24,12.1392
4,25,14.5857
4,26,16.0718
4,27,11.2845
4,28,13.9919
4,29,15.8999
4,30,18.201
4,31,9.7199
4,32,10.5951
4,33,8.8438
4,34,6.8
4,35,6.1203
4,36,5.1617
4,37,7.9208
4,38,9.8391
4,39,3.2195
4,40,6.4337
4,41,11.9927
4,42,8.939
4,43,10.4157
4,44,15.4569
4,45,13.815
4,46,10.9952
4,47,17.0924
4,48,10.4897
4,49,8.0762
5,0,8.373
5,1,6.1055
5,2,4.4019
5,3,8.1351
5,4,3.2913
5,5,0.0
5,6,1.8975
5,7,4.5931
5,8,4.9573
5,9,3.085
5,10,2.8698
5,11,5.1415
5,12,6.8793
5,13,5.0888
5,14,5.1819
5,15,6.7932
5,16,8.2505
5,17,9.6991
5,18,8.3073
5,19,6.3626
5,20,8.1761
5,21,10.3285
5,22,11.1602
5,23,10.3389
5,24,8.4819
5,25,10.9283
5,26,12.3975
5,27,13.2109
5,28,11.8367
5,29,12.1465
5,30,14.5436
5,31,6.1785
5,32,7.0537
5,33,5.3033
5,34,7.1212
5,35,2.5789
5,36,2.2875
5,37,4.4028
5,38,6.2977
5,39,4.0028
5,40,2.8932
5,41,8.3184
5,42,9.2074
5,43,8.2195
5,44,11.7995
5,45,10.1576
5,46,11.2733
5,47,13.4181
5,48,6.7793
5,49,4.5348
6,0,6.4755
6,1,4.208
6,2,6.1899
6,3,10.041
6,4,5.1972
6,5,1.9059
6,6,0.0
6,7,2.6956
6,8,6.7495
6,9,4.6524
6,10,3.413
6,11,3.244
6,12,8.5471
6,13,6.6562
6,14,5.163
6,15,4.8957
6,16,6.353
6,17,11.4219
6,18,9.9793
6,19,7.9937
6,20,6.2786
6,21,8.4343
6,22,12.9524
6,23,12.131
6,24,10.2405
6,25,8.9671
6,26,10.4684
6,27,15.0389
6,28,13.5954
6,29,10.657
6,30,12.4915
6,31,4.281
6,32,5.1562
6,33,6.9681
6,34,8.9134
6,35,0.6814
6,36,4.1042
6,37,2.5053
6,38,4.4002
6,39,5.9087
6,40,4.4605
6,41,7.8549
6,42,10.9996
6,43,9.9782
6,44,9.8383
6,45,10.3072
6,46,13.0655
6,47,11.489
6,48,4.8818
6,49,2.6374
7,0,4.6715
7,1,6.8128
7,2,8.7805
7,3,12.6029
7,4,7.7591
7,5,4.4678
7,6,2.6812
7,7,0.0
7,8,8.4828
7,9,6.3857
7,10,4.617
7,11,2.5759
7,12,10.2804
7,13,8.3895
7,14,6.9013
7,15,5.186
7,16,3.7607
7,17,13.1552
7,18,11.8302
7,19,9.6633
7,20,7.9937
7,21,5.842
7,22,14.6857
7,23,13.8644
7,24,11.7825
7,25,10.692
7,26,7.9111
7,27,16.8341
7,28,15.1373
7,29,12.8144
7,30,10.7525
7,31,1.6888
7,32,6.8895
7,33,8.604
7,34,10.6467
7,35,2.4327
7,36,6.6661
7,37,5.1101
7,38,2.5495
7,39,8.4706
7,40,6.1939
7,41,9.2203
7,42,12.7329
7,43,11.5202
7,44,10.5572
7,45,12.0321
7,46,14.4179
7,47,8.9316
7,48,3.1412
7,49,1.5426
8,0,13.0665
8,1,10.8632
8,2,9.3951
8,3,8.1771
8,4,4.3457
8,5,5.0152
8,6,6.7316
8,7,8.5304
8,8,0.0
8,9,2.0976
8,10,3.337
8,11,5.7787
8,12,3.4095
8,13,4.1504
8,14,5.6491
8,15,7.3723
8,16,8.8692
8,17,6.2843
8,18,4.9619
8,19,6.8298
8,20,8.663
8,21,10.7957
8,22,7.8148
8,23,6.9934
8,24,8.9491
8,25,11.3955
8,26,13.0379
8,27,9.8655
8,28,12.3039
8,29,12.6137
8,30,15.0108
8,31,6.8157
8,32,7.6678
8,33,5.7368
8,34,3.7758
8,35,6.0287
8,36,6.9994
8,37,9.1605
8,38,10.9445
8,39,5.0572
8,40,3.3604
8,41,8.7856
8,42,5.862
8,43,7.3386
8,44,12.2667
8,45,10.6248
8,46,7.9279
8,47,14.0585
8,48,7.4165
8,49,6.4175
9,0,10.9689
9,1,8.7656
9,2,7.2975
9,3,9.72
9,4,4.8762
9,5,2.9848
9,6,4.634
9,7,6.4139
9,8,2.0971
9,9,0.0
9,10,1.2394
9,11,3.6811
9,12,3.8947
9,13,3.4584
9,14,3.5515
9,15,5.2747
9,16,6.7446
9,17,6.7696
9,18,5.4471
9,19,4.7322
9,20,6.5654
9,21,8.6981
9,22,8.3001
9,23,7.4787
9,24,6.8515
9,25,9.2979
9,26,10.7671
9,27,10.4484
9,28,10.2063
9,29,10.5161
9,30,12.9132
9,31,4.7181
9,32,5.5701
9,33,3.6729
9,34,4.261
9,35,3.9311
9,36,5.1831
9,37,7.0629
9,38,8.8469
9,39,5.5877
9,40,1.2628
9,41,6.688
9,42,6.3472
9,43,6.5891
9,44,10.1691
9,45,8.5272
9,46,8.4131
9,47,11.9609
9,48,5.3189
9,49,4.3199
10,0,9.7295
10,1,7.5262
10,2,7.1053
10,3,10.9594
10,4,6.0838
10,5,2.7925
10,6,3.3947
10,7,5.1746
10,8,3.3365
10,9,1.2394
10,10,0.0
10,11,2.4417
10,12,5.0337
10,13,3.2432
10,14,3.3363
10,15,4.0933
10,16,5.5053
10,17,7.8534
10,18,6.531
10,19,4.517
10,20,5.4763
10,21,7.6319
10,22,9.2863
10,23,8.6108
10,24,6.6362
10,25,8.1647
10,26,9.666
10,27,11.3254
10,28,9.991
10,29,9.8547
10,30,12.5425
10,31,3.4787
10,32,4.3539
10,33,3.4577
10,34,5.4
10,35,2.6918
10,36,4.9908
10,37,5.8236
10,38,7.6075
10,39,6.8271
10,40,1.0475
10,41,6.4728
10,42,7.4311
10,43,6.3739
10,44,9.0359
10,45,8.312
10,46,9.5453
10,47,10.7216
10,48,4.0795
10,49,3.0805
11,0,7.2878
11,1,7.4297
11,2,9.5472
11,3,13.2965
11,4,8.5575
11,5,5.0847
11,6,3.2982
11,7,2.682
11,8,5.7784
11,9,3.6813
11,10,2.4419
11,11,0.0
11,12,7.4756
11,13,5.6851
11,14,3.9008
11,15,3.9246
11,16,3.1089
11,17,10.4508
11,18,8.73
11,19,6.9589
11,20,5.3075
11,21,5.1902
11,22,11.7282
11,23,10.6261
11,24,9.0591
11,25,7.996
11,26,7.2593
11,27,13.8765
11,28,12.4329
11,29,9.6859
11,30,10.1007
11,31,1.037
11,32,4.1851
11,33,5.8996
11,34,7.8419
11,35,2.5953
11,36,7.4327
11,37,5.7271
11,38,5.1658
11,39,9.269
11,40,3.4894
11,41,6.8838
11,42,9.873
11,43,8.8158
11,44,8.8672
11,45,9.3361
11,46,12.0944
11,47,8.2798
11,48,2.4894
11,49,1.9456
12,0,14.8617
12,1,12.6584
12,2,11.1949
12,3,9.8913
12,4,5.9555
12,5,6.8776
12,6,8.5418
12,7,10.3257
12,8,3.3618
12,9,3.8928
12,10,5.0288
12,11,7.4705
12,12,0.0
12,13,1.7925
12,14,3.3939
12,15,5.1171
12,16,6.556
12,17,2.9475
12,18,2.6039
12,19,4.5747
12,20,6.4078
12,21,8.6373
12,22,4.4053
12,23,4.6355
12,24,6.6939
12,25,9.1404
12,26,10.7064
12,27,6.5537
12,28,8.6135
12,29,10.3586
12,30,13.4702
12,31,8.6109
12,32,5.3777
12,33,3.3789
12,34,1.4178
12,35,7.824
12,36,9.0759
12,37,10.9558
12,38,12.7397
12,39,6.8524
12,40,3.9702
12,41,6.5305
12,42,3.504
12,43,4.9807
12,44,10.7261
12,45,8.3697
12,46,5.5699
12,47,11.7269
12,48,6.8156
12,49,8.2127
13,0,12.9658
13,1,10.7625
13,2,9.2944
13,3,11.6818
13,4,6.9243
13,5,4.9817
13,6,6.631
13,7,8.4297
13,8,4.1452
13,9,3.4285
13,10,3.2363
13,11,5.678
13,12,1.7905
13,13,0.0
13,14,1.6014
13,15,3.3247
13,16,4.7635
13,17,4.6653
13,18,3.1769
13,19,2.7822
13,20,4.6153
13,21,6.748
13,22,5.9322
13,23,5.3744
13,24,4.9014
13,25,7.3038
13,26,8.8526
13,27,8.3442
13,28,8.2562
13,29,8.5661
13,30,10.9632
13,31,6.715
13,32,3.5852
13,33,1.7229
13,34,2.1484
13,35,5.9281
13,36,7.18
13,37,9.0599
13,38,10.8438
13,39,7.6358
13,40,2.1777
13,41,4.738
13,42,4.077
13,43,3.9934
13,44,8.2191
13,45,6.5772
13,46,6.3089
13,47,9.8732
13,48,5.0231
13,49,6.3168
14,0,11.4913
14,1,9.2794
14,2,9.4333
14,3,13.2724
14,4,8.4436
14,5,5.1205
14,6,5.1479
14,7,6.9552
14,8,5.6645
14,9,3.5674
14,10,3.3751
14,11,4.1949
14,12,3.3812
14,13,1.5907
14,14,0.0
14,15,1.7232
14,16,3.1621
14,17,6.2009
14,18,4.8785
14,19,2.8644
14,20,3.1062
14,21,5.2269
14,22,7.6337
14,23,6.5317
14,24,4.9837
14,25,5.7946
14,26,7.2959
14,27,9.6729
14,28,8.3385
14,29,7.4846
14,30,10.1539
14,31,5.2319
14,32,1.9837
14,33,1.8051
14,34,3.7475
14,35,4.445
14,36,7.3189
14,37,7.5768
14,38,9.3693
14,39,9.1551
14,40,2.3166
14,41,3.6479
14,42,5.7786
14,43,4.7213
14,44,6.6658
14,45,6.6595
14,46,7.4662
14,47,8.333
14,48,3.4217
14,49,4.8337
15,0,9.7681
15,1,9.0778
15,2,11.1485
15,3,14.9445
15,4,10.2055
15,5,6.7328
15,6,4.9463
15,7,5.232
15,8,7.3798
15,9,5.2826
15,10,4.09
15,11,3.9933
15,12,5.0964
15,13,3.3059
15,14,1.7152
15,15,0.0
15,16,1.4389
15,17,7.9162
15,18,6.5937
15,19,4.4734
15,20,2.8309
15,21,3.5202
15,22,9.349
15,23,8.2469
15,24,6.6989
15,25,5.5193
15,26,5.5892
15,27,11.0024
15,28,10.0537
15,29,7.2093
15,30,8.4307
15,31,3.4495
15,32,1.7085
15,33,3.5204
15,34,5.4627
15,35,4.2433
15,36,9.0341
15,37,7.3752
15,38,7.6461
15,39,10.917
15,40,4.0318
15,41,4.4071
15,42,7.4938
15,43,6.4366
15,44,6.3905
15,45,6.8595
15,46,9.6148
15,47,6.6098
15,48,1.6985
15,49,4.6321
16,0,8.4522
16,1,10.6153
16,2,12.6458
16,3,16.5084
16,4,11.743
16,5,8.2486
16,6,6.462
16,7,3.9161
16,8,8.9471
16,9,6.8334
16,10,5.594
16,11,3.1855
16,12,6.6171
16,13,4.8266
16,14,3.2359
16,15,1.5207
16,16,0.0
16,17,9.3919
16,18,8.0695
16,19,6.0554
16,20,4.1841
16,21,2.0813
16,22,10.8247
16,23,9.7227
16,24,8.1747
16,25,6.8179
16,26,4.1503
16,27,13.1708
16,28,11.5295
16,29,8.6212
16,30,6.9918
16,31,2.2014
16,32,3.2292
16,33,5.0411
16,34,6.9834
16,35,5.7808
16,36,10.6183
16,37,8.9126
16,38,6.3302
16,39,12.391
16,40,5.5525
16,41,5.4596
16,42,8.9696
16,43,7.9123
16,44,6.7965
16,45,8.2714
16,46,10.6571
16,47,5.1709
16,48,1.7589
16,49,4.492
17,0,17.3562
17,1,16.6386
17,2,13.6894
17,3,11.5632
17,4,7.6274
17,5,9.372
17,6,11.1803
17,7,12.8201
17,8,5.8562
17,9,6.3873
17,10,7.4683
17,11,9.91
17,12,3.4812
17,13,4.0859
17,14,5.8335
17,15,7.5567
17,16,9.0205
17,17,0.0
17,18,1.0079
17,19,3.0059
17,20,4.8391
17,21,6.9717
17,22,2.1664
17,23,3.0394
17,24,5.1251
17,25,7.8583
17,26,9.0408
17,27,4.557
17,28,7.2322
17,29,9.1725
17,30,11.4735
17,31,11.0988
17,32,5.6665
17,33,4.0212
17,34,2.1014
17,35,10.3184
17,36,12.1534
17,37,14.9359
17,38,15.2342
17,39,9.3468
17,40,6.4098
17,41,4.9617
17,42,1.908
17,43,3.3846
17,44,8.7294
17,45,7.0876
17,46,3.9739
17,47,10.0614
17,48,9.3101
17,49,10.5488
18,0,16.4805
18,1,14.2772
18,2,12.8137
18,3,12.3195
18,4,8.3837
18,5,8.3381
18,6,10.1464
18,7,11.9444
18,8,4.9806
18,9,5.5116
18,10,6.5927
18,11,9.1927
18,12,2.6259
18,13,3.2103
18,14,4.9578
18,15,6.681
18,16,8.1448
18,17,1.4036
18,18,0.0
18,19,2.1302
18,20,3.9634
18,21,6.0961
18,22,2.8364
18,23,2.0315
18,24,4.11
18,25,6.5565
18,26,8.0613
18,27,4.8711
18,28,6.0096
18,29,7.9176
18,30,10.1763
18,31,10.2232
18,32,4.7909
18,33,3.1455
18,34,1.2257
18,35,9.3364
18,36,10.6947
18,37,12.5745
18,38,14.352
18,39,8.4711
18,40,5.5341
18,41,4.086
18,42,0.9001
18,43,2.827
18,44,7.4277
18,45,5.7858
18,46,2.966
18,47,9.0818
18,48,8.3131
18,49,9.7251
19,0,14.3417
19,1,12.1384
19,2,10.6703
19,3,14.3502
19,4,10.4144
19,5,6.3575
19,6,8.0823
19,7,9.8056
19,8,6.9015
19,9,4.8044
19,10,4.6121
19,11,7.0538
19,12,4.6181
19,13,2.8277
19,14,2.9773
19,15,4.6576
19,16,6.1394
19,17,3.4343
19,18,2.1118
19,19,0.0
19,20,1.9829
19,21,4.1155
19,22,4.8671
19,23,3.7651
19,24,2.1192
19,25,4.3735
19,26,6.0705
19,27,6.8084
19,28,5.1611
19,29,5.7839
19,30,7.8979
19,31,8.0908
19,32,2.8339
19,33,1.165
19,34,3.2564
19,35,7.3039
19,36,8.5559
19,37,10.4357
19,38,12.2197
19,39,10.3921
19,40,3.5535
19,41,1.9558
19,42,3.0119
19,43,2.1205
19,44,5.2447
19,45,3.795
19,46,4.6995
19,47,7.0911
19,48,6.399
19,49,7.6926
20,0,12.8442
20,1,11.0382
20,2,12.8242
20,3,16.5041
20,4,12.5683
20,5,8.5115
20,6,6.9067
20,7,8.3081
20,8,9.0554
20,9,6.9583
20,10,6.0504
20,11,5.9537
20,12,6.7721
20,13,4.9816
20,14,3.6757
20,15,3.482
20,16,4.4499
20,17,5.5882
20,18,4.2658
20,19,2.2518
20,20,0.0
20,21,2.4663
20,22,7.021
20,23,5.919
20,24,3.9513
20,25,2.6884
20,26,4.1932
20,27,8.1715
20,28,6.6888
20,29,4.3784
20,30,6.2129
20,31,6.5934
20,32,1.7335
20,33,3.3189
20,34,5.4104
20,35,6.2038
20,36,10.7098
20,37,9.3356
20,38,10.7222
20,39,12.546
20,40,5.7075
20,41,1.5762
20,42,5.1659
20,43,4.1086
20,44,3.5596
20,45,4.0286
20,46,6.8535
20,47,5.2138
20,48,5.1282
20,49,6.5925
21,0,11.3663
21,1,13.5294
21,2,15.56
21,3,19.1709
21,4,14.6572
21,5,11.1783
21,6,9.3569
21,7,6.8303
21,8,11.7222
21,9,9.6251
21,10,8.5006
21,11,6.0997
21,12,9.5312
21,13,7.6484
21,14,6.1259
21,15,4.4348
21,16,3.0371
21,17,8.255
21,18,6.9326
21,19,4.9185
21,20,3.0961
21,21,0.0
21,22,9.6878
21,23,8.0874
21,24,6.1128
21,25,4.8353
21,26,2.069
21,27,11.8362
21,28,9.4826
21,29,6.54
21,30,4.9105
21,31,5.1155
21,32,4.1837
21,33,5.9857
21,34,8.0771
21,35,8.654
21,36,13.5324
21,37,11.8268
21,38,9.2443
21,39,15.2128
21,40,8.3743
21,41,4.0314
21,42,7.8327
21,43,6.7754
21,44,4.7152
21,45,6.1901
21,46,9.0219
21,47,3.0896
21,48,4.673
21,49,7.4061
22,0,24.3563
22,1,22.7625
22,2,21.3028
22,3,17.6872
22,4,13.7514
22,5,16.1428
22,6,17.9511
22,7,19.8203
22,8,12.8543
22,9,12.3983
22,10,14.3974
22,11,17.179
22,12,9.5126
22,13,11.3976
22,14,12.7626
22,15,14.4858
22,16,16.0271
22,17,7.0716
22,18,7.0189
22,19,8.6574
22,20,11.529
22,21,13.9009
22,22,0.0
22,23,4.9625
22,24,6.7791
22,25,9.3793
22,26,10.9678
22,27,2.1483
22,28,4.8557
22,29,6.7638
22,30,9.7624
22,31,18.1055
22,32,12.5733
22,33,9.6726
22,34,8.1124
22,35,17.0892
22,36,18.2774
22,37,21.0599
22,38,22.2343
22,39,16.3352
22,40,13.3389
22,41,10.2256
22,42,6.3184
22,43,6.6421
22,44,9.0017
22,45,6.3928
22,46,3.9604
22,47,9.9259
22,48,16.4208
22,49,17.4779
23,0,18.6824
23,1,16.4791
23,2,14.4932
23,3,14.3807
23,4,10.4449
23,5,10.6983
23,6,12.5066
23,7,13.7803
23,8,7.1825
23,9,7.7135
23,10,8.435
23,11,11.3946
23,12,4.8278
23,13,5.6132
23,14,6.8002
23,15,8.5234
23,16,9.9872
23,17,3.6055
23,18,2.3341
23,19,3.9726
23,20,5.8058
23,21,7.9384
23,22,5.0383
23,23,0.0
23,24,2.3838
23,25,4.8303
23,26,6.3351
23,27,2.8396
23,28,3.978
23,29,5.886
23,30,8.4456
23,31,12.4316
23,32,6.6332
23,33,4.9878
23,34,3.4276
23,35,11.6447
23,36,12.7932
23,37,14.7765
23,38,16.5604
23,39,10.6731
23,40,7.7909
23,41,4.7001
23,42,1.6336
23,43,1.9849
23,44,5.7015
23,45,4.0596
23,46,0.9345
23,47,7.3556
23,48,10.6363
23,49,12.0334
24,0,16.3349
24,1,14.1316
24,2,12.6635
24,3,16.1974
24,4,12.2616
24,5,8.3508
24,6,10.1591
24,7,11.7988
24,8,8.8948
24,9,6.7976
24,10,6.6054
24,11,9.0471
24,12,6.6114
24,13,4.8209
24,14,4.9705
24,15,6.6938
24,16,8.1326
24,17,5.4275
24,18,4.1051
24,19,2.143
24,20,3.973
24,21,6.1088
24,22,6.855
24,23,2.0408
24,24,0.0
24,25,2.5637
24,26,4.0685
24,27,4.7494
24,28,3.415
24,29,3.7819
24,30,6.0882
24,31,10.0841
24,32,4.8272
24,33,3.1582
24,34,5.2497
24,35,9.2972
24,36,10.5491
24,37,12.429
24,38,14.2129
24,39,12.3853
24,40,5.5468
24,41,2.4336
24,42,3.4503
24,43,2.0911
24,44,3.4349
24,45,1.793
24,46,2.9752
24,47,5.0891
24,48,8.3922
24,49,9.6859
25,0,14.6753
25,1,12.4988
25,2,14.5346
25,3,18.0685
25,4,14.1327
25,5,10.1537
25,6,8.3672
25,7,10.1392
25,8,10.7659
25,9,8.6688
25,10,7.5109
25,11,7.4142
25,12,8.4825
25,13,6.6587
25,14,5.1362
25,15,4.9425
25,16,6.2405
25,17,7.2986
25,18,5.9429
25,19,3.9288
25,20,2.1496
25,21,4.1918
25,22,8.6981
25,23,3.9119
25,24,1.9373
25,25,0.0
25,26,2.2452
25,27,6.2234
25,28,4.7407
25,29,2.4304
25,30,4.2649
25,31,8.3189
25,32,3.194
25,33,4.996
25,34,7.0874
25,35,7.6643
25,36,12.4202
25,37,10.7961
25,38,12.5533
25,39,14.2565
25,40,7.3846
25,41,1.7731
25,42,5.3214
25,43,3.9622
25,44,1.6116
25,45,2.0805
25,46,4.8464
25,47,3.2657
25,48,6.5887
25,49,8.053
26,0,12.5673
26,1,14.779
26,2,16.7609
26,3,20.175
26,4,15.8581
26,5,12.3284
26,6,10.5578
26,7,8.0312
26,8,12.8724
26,9,10.7752
26,10,9.7425
26,11,7.3006
26,12,10.589
26,13,8.7985
26,14,7.351
26,15,5.6358
26,16,4.2381
26,17,9.5594
26,18,8.0827
26,19,6.1195
26,20,4.2561
26,21,2.1894
26,22,10.8326
26,23,6.0184
26,24,4.0438
26,25,2.7442
26,26,0.0
26,27,9.0334
26,28,6.7813
26,29,4.4709
26,30,2.9787
26,31,6.3165
26,32,5.3005
26,33,7.1358
26,34,9.222
26,35,9.8549
26,36,14.5267
26,37,13.0546
26,38,10.4453
26,39,16.5696
26,40,9.5244
26,41,3.8796
26,42,7.4279
26,43,6.0687
26,44,2.6462
26,45,4.1211
26,46,6.9528
26,47,1.1578
26,48,5.8739
26,49,8.607
27,0,22.3185
27,1,20.6142
27,2,18.6517
27,3,15.5389
27,4,11.6031
27,5,14.6559
27,6,15.9453
27,7,17.7824
27,8,10.706
27,9,11.3496
27,10,12.589
27,11,14.8333
27,12,7.4568
27,13,9.2493
27,14,10.7568
27,15,12.5739
27,16,14.0128
27,17,4.9233
27,18,5.9312
27,19,7.9292
27,20,9.7623
27,21,11.895
27,22,7.332
27,23,4.3287
27,24,6.1452
27,25,8.9035
27,26,10.4083
27,27,0.0
27,28,4.2219
27,29,6.1299
27,30,9.3248
27,31,16.0221
27,32,10.5898
27,33,8.9444
27,34,7.0247
27,35,17.0876
27,36,16.129
27,37,18.9115
27,38,20.1965
27,39,14.1868
27,40,11.427
27,41,8.7733
27,42,5.7344
27,43,6.0581
27,44,9.531
27,45,5.759
27,46,3.1571
27,47,9.2921
27,48,14.2724
27,49,15.6695
28,0,18.5949
28,1,16.5553
28,2,15.0872
28,3,18.9264
28,4,14.6853
28,5,10.7745
28,6,11.6401
28,7,14.0588
28,8,11.3185
28,9,9.2213
28,10,9.0291
28,11,11.4708
28,12,9.0351
28,13,7.2446
28,14,7.3942
28,15,9.1174
28,16,10.2657
28,17,8.0055
28,18,6.5288
28,19,4.5666
28,20,5.4226
28,21,8.217
28,22,9.284
28,23,4.4645
28,24,2.4237
28,25,3.2729
28,26,5.5181
28,27,3.391
28,28,0.0
28,29,1.908
28,30,5.1029
28,31,12.3441
28,32,6.4669
28,33,5.5819
28,34,7.6734
28,35,10.9372
28,36,12.9728
28,37,14.8526
28,38,16.4729
28,39,14.809
28,40,7.9705
28,41,4.8572
28,42,5.874
28,43,4.5148
28,44,3.059
28,45,1.5371
28,46,3.7097
28,47,5.0702
28,48,10.8159
28,49,12.1096
29,0,16.6869
29,1,16.8844
29,2,18.4584
29,3,22.2497
29,4,18.3139
29,5,14.1456
29,6,12.7529
29,7,12.1508
29,8,14.6896
29,9,12.5925
29,10,11.8966
29,11,11.4202
29,12,12.4062
29,13,10.6158
29,14,9.5219
29,15,9.3282
29,16,8.3577
29,17,11.6341
29,18,9.8999
29,19,7.9378
29,20,6.5353
29,21,6.3089
29,22,12.6552
29,23,7.8356
29,24,5.7948
29,25,4.096
29,26,4.204
29,27,6.7108
29,28,5.2281
29,29,0.0
29,30,3.5251
29,31,10.436
29,32,7.5797
29,33,8.953
29,34,11.0445
29,35,12.05
29,36,16.344
29,37,15.1818
29,38,14.5649
29,39,18.1802
29,40,11.3416
29,41,5.959
29,42,9.3876
29,43,7.8859
29,44,2.5885
29,45,4.1669
29,46,7.0296
29,47,3.1622
29,48,9.9935
29,49,12.4387
30,0,14.594
30,1,16.8057
30,2,18.7876
30,3,22.3985
30,4,19.0057
30,5,14.5617
30,6,12.5845
30,7,10.0579
30,8,15.1057
30,9,13.0086
30,10,11.7692
30,11,9.3273
30,12,13.0981
30,13,10.9684
30,14,9.3777
30,15,7.6624
30,16,6.2648
30,17,11.4826
30,18,10.1602
30,19,8.1462
30,20,6.3237
30,21,4.216
30,22,14.7347
30,23,8.1295
30,24,6.1549
30,25,4.8921
30,26,2.1111
30,27,7.4027
30,28,5.92
30,29,3.4098
30,30,0.0
30,31,8.3431
30,32,7.4113
30,33,9.2133
30,34,11.8735
30,35,11.8816
30,36,16.7601
30,37,15.0813
30,38,12.472
30,39,18.5963
30,40,11.6943
30,41,5.9905
30,42,9.5391
30,43,8.5334
30,44,3.3146
30,45,4.8587
30,46,7.7214
30,47,1.0693
30,48,7.9006
30,49,10.6337
31,0,6.3028
31,1,8.4659
31,2,10.4965
31,3,14.4375
31,4,9.4122
31,5,6.2706
31,6,4.3126
31,7,1.7668
31,8,6.8146
31,9,4.7174
31,10,3.4781
31,11,1.0362
31,12,8.6122
31,13,6.7213
31,14,5.2281
31,15,3.4483
31,16,2.0925
31,17,11.4844
31,18,10.1619
31,19,7.9951
31,20,6.3255
31,21,4.1738
31,22,12.9172
31,23,12.1961
31,24,10.1143
31,25,9.0237
31,26,6.2428
31,27,15.0655
31,28,13.4691
31,29,11.1461
31,30,9.0843
31,31,0.0
31,32,5.2213
31,33,6.9358
31,34,8.9785
31,35,3.6315
31,36,8.4689
31,37,6.7633
31,38,4.1808
31,39,10.1237
31,40,4.5256
31,41,7.5521
31,42,11.062
31,43,9.8519
31,44,8.889
31,45,10.3639
31,46,12.7496
31,47,7.2634
31,48,1.473
31,49,2.3426
32,0,11.5081
32,1,9.3048
32,2,11.3755
32,3,15.2146
32,4,10.2511
32,5,6.9598
32,6,5.1732
32,7,6.972
32,8,7.6534
32,9,5.5563
32,10,4.3169
32,11,4.2203
32,12,5.3234
32,13,3.5329
32,14,1.9422
32,15,1.7485
32,16,3.1792
32,17,6.0628
32,18,4.7404
32,19,2.7548
32,20,1.1224
32,21,3.2431
32,22,7.4956
32,23,6.3936
32,24,4.874
32,25,3.8109
32,26,5.3122
32,27,9.2939
32,28,7.8112
32,29,5.5008
32,30,7.3353
32,31,5.2572
32,32,0.0
32,33,1.922
32,34,4.0907
32,35,4.4703
32,36,9.2611
32,37,7.6021
32,38,9.3861
32,39,11.144
32,40,4.2588
32,41,2.6987
32,42,5.6405
32,43,4.5832
32,44,4.6821
32,45,5.151
32,46,7.328
32,47,6.3328
32,48,3.3948
32,49,4.859
33,0,13.3241
33,1,11.1208
33,2,9.6527
33,3,13.4919
33,4,8.663
33,5,5.34
33,6,7.1076
33,7,8.788
33,8,5.8198
33,9,3.7868
33,10,3.5946
33,11,6.0363
33,12,3.4651
33,13,1.8101
33,14,1.9597
33,15,3.6829
33,16,5.1218
33,17,4.3421
33,18,3.0733
33,19,1.0593
33,20,2.8925
33,21,5.0252
33,22,5.8286
33,23,4.7265
33,24,3.1785
33,25,5.5809
33,26,7.0942
33,27,7.8677
33,28,6.5333
33,29,6.8432
33,30,9.1495
33,31,7.0733
33,32,2.0446
33,33,0.0
33,34,2.2909
33,35,6.2863
33,36,7.5383
33,37,9.4181
33,38,11.2021
33,39,9.3745
33,40,2.536
33,41,3.0151
33,42,3.9198
33,43,2.8747
33,44,6.4521
33,45,4.8543
33,46,5.661
33,47,8.1148
33,48,5.3814
33,49,6.6751
34,0,15.2548
34,1,13.0515
34,2,11.48
34,3,11.2914
34,4,6.534
34,5,7.1672
34,6,9.079
34,7,10.7187
34,8,3.7549
34,9,4.2859
34,10,5.4218
34,11,7.8636
34,12,1.4002
34,13,2.1328
34,14,3.787
34,15,5.5102
34,16,6.9491
34,17,2.5085
34,18,1.1861
34,19,3.1841
34,20,5.0173
34,21,7.15
34,22,3.9414
34,23,3.2176
34,24,5.3033
34,25,7.7426
34,26,9.219
34,27,6.0897
34,28,7.1957
34,29,8.968
34,30,11.3651
34,31,9.004
34,32,4.0664
34,33,2.1692
34,34,0.0
34,35,8.217
34,36,9.1876
34,37,11.3488
34,38,13.1328
34,39,7.2454
34,40,4.3633
34,41,5.1399
34,42,2.0862
34,43,3.5629
34,44,8.6138
34,45,6.9719
34,46,4.1521
34,47,10.2396
34,48,7.2087
34,49,8.6057
35,0,7.0189
35,1,4.8345
35,2,6.8022
35,3,10.6246
35,4,5.7808
35,5,2.4895
35,6,0.7029
35,7,2.4828
35,8,6.0681
35,9,3.971
35,10,2.7316
35,11,2.5626
35,12,7.8657
35,13,5.9748
35,14,4.4816
35,15,4.2143
35,16,5.6716
35,17,10.7405
35,18,9.2626
35,19,7.2486
35,20,5.5972
35,21,7.7179
35,22,12.271
35,23,11.4496
35,24,9.359
35,25,8.2857
35,26,9.787
35,27,14.057
35,28,12.7226
35,29,9.9756
35,30,11.8101
35,31,3.5996
35,32,4.4748
35,33,6.1893
35,34,8.232
35,35,0.0
35,36,4.6878
35,37,3.1318
35,38,4.8969
35,39,6.4922
35,40,3.7791
35,41,7.1735
35,42,10.1627
35,43,9.1055
35,44,9.1569
35,45,9.6258
35,46,12.3841
35,47,10.8076
35,48,4.2004
35,49,1.956
36,0,6.3392
36,1,4.1196
36,2,2.1144
36,3,5.7687
36,4,4.8454
36,5,2.2535
36,6,4.0037
36,7,6.6994
36,8,7.0225
36,9,5.1913
36,10,4.976
36,11,7.4177
36,12,9.3637
36,13,7.1951
36,14,7.2882
36,15,9.0114
36,16,10.5267
36,17,11.66
36,18,10.6384
36,19,8.4689
36,20,10.2824
36,21,12.6079
36,22,13.1178
36,23,12.5695
36,24,10.5881
36,25,13.0346
36,26,14.677
36,27,15.2661
36,28,13.9429
36,29,14.2528
36,30,16.6499
36,31,8.4547
36,32,9.1599
36,33,7.4096
36,34,9.1864
36,35,4.6851
36,36,0.0
36,37,2.7591
36,38,5.0915
36,39,1.9422
36,40,4.9994
36,41,10.4247
36,42,11.5385
36,43,10.3258
36,44,13.9058
36,45,12.2639
36,46,13.6044
36,47,15.6976
36,48,8.8856
36,49,6.6411
37,0,3.9777
37,1,1.7027
37,2,3.6846
37,3,7.5694
37,4,7.6468
37,5,4.3555
37,6,2.5689
37,7,5.1039
37,8,9.199
37,9,7.1019
37,10,5.8626
37,11,5.6936
37,12,12.1651
37,13,9.2971
37,14,7.6125
37,15,7.3452
37,16,8.8025
37,17,14.4613
37,18,12.5491
37,19,10.5709
37,20,8.7282
37,21,10.8838
37,22,15.9191
37,23,14.5806
37,24,12.6901
37,25,11.4166
37,26,13.0149
37,27,18.0675
37,28,16.0449
37,29,13.1066
37,30,14.9411
37,31,6.7306
37,32,7.6058
37,33,9.5116
37,34,11.363
37,35,3.131
37,36,2.7591
37,37,0.0
37,38,2.6482
37,39,4.7013
37,40,7.1014
37,41,10.3044
37,42,13.4491
37,43,12.2717
37,44,12.2878
37,45,12.7568
37,46,15.5151
37,47,14.0355
37,48,7.3314
37,49,5.0869
38,0,2.1945
38,1,4.312
38,2,6.2939
38,3,10.0008
38,4,9.48
38,5,6.1887
38,6,4.4021
38,7,2.5748
38,8,11.0576
38,9,8.9351
38,10,7.6958
38,11,5.2792
38,12,12.8552
38,13,10.9643
38,14,9.4457
38,15,7.7608
38,16,6.3355
38,17,15.73
38,18,14.4076
38,19,12.2381
38,20,10.5685
38,21,8.4168
38,22,17.2605
38,23,16.4391
38,24,14.3573
38,25,13.2668
38,26,10.4858
38,27,19.4089
38,28,17.8994
38,29,15.3892
38,30,13.3273
38,31,4.2636
38,32,9.439
38,33,11.1788
38,34,13.2215
38,35,4.9642
38,36,5.0526
38,37,2.6093
38,38,0.0
38,39,6.9948
38,40,8.7686
38,41,11.7951
38,42,15.3077
38,43,14.095
38,44,13.132
38,45,14.6069
38,46,17.3736
38,47,11.5064
38,48,5.716
38,49,4.1174
39,0,8.5673
39,1,5.8647
39,2,4.0566
39,3,4.0787
39,4,2.9032
39,5,4.0838
39,6,5.834
39,7,8.5297
39,8,5.0803
39,9,5.566
39,10,6.8054
39,11,9.2471
39,12,6.8779
39,13,7.6189
39,14,9.1175
39,15,10.8988
39,16,12.2796
39,17,9.7178
39,18,8.4303
39,19,10.2983
39,20,12.2817
39,21,14.4373
39,22,11.1756
39,23,10.4619
39,24,12.4175
39,25,14.864
39,26,16.5064
39,27,13.3239
39,28,16.0313
39,29,16.0822
39,30,18.4793
39,31,10.1151
39,32,11.1593
39,33,9.239
39,34,7.2442
39,35,6.5154
39,36,1.9422
39,37,4.7013
39,38,7.0337
39,39,0.0
39,40,6.8288
39,41,12.2541
39,42,9.3304
39,43,10.8071
39,44,17.4963
39,45,14.0933
39,46,13.0346
39,47,17.527
39,48,10.8849
39,49,8.4714
40,0,10.7881
40,1,8.5848
40,2,7.1167
40,3,10.9709
40,4,6.0953
40,5,2.804
40,6,4.4533
40,7,6.2331
40,8,3.348
40,9,1.2508
40,10,1.0586
40,11,3.5003
40,12,3.9862
40,13,2.1957
40,14,2.2887
40,15,4.0119
40,16,5.4508
40,17,6.861
40,18,5.4835
40,19,3.4695
40,20,5.3026
40,21,7.4353
40,22,8.2387
40,23,7.5633
40,24,5.5887
40,25,7.9911
40,26,9.5399
40,27,10.2779
40,28,8.9435
40,29,9.2533
40,30,11.6504
40,31,4.5373
40,32,4.2725
40,33,2.4101
40,34,4.3525
40,35,3.7504
40,36,5.0023
40,37,6.8822
40,38,8.6661
40,39,6.8385
40,40,0.0
40,41,5.4252
40,42,6.3836
40,43,5.3263
40,44,8.9064
40,45,7.2645
40,46,8.4978
40,47,10.5605
40,48,5.1381
40,49,4.1391
41,0,14.053
41,1,11.982
41,2,12.5583
41,3,16.2382
41,4,12.3024
41,5,8.2456
41,6,7.8504
41,7,9.5169
41,8,8.7895
41,9,6.6924
41,10,6.5002
41,11,6.8975
41,12,6.5062
41,13,4.7157
41,14,3.6365
41,15,4.4257
41,16,5.7238
41,17,5.3223
41,18,3.9999
41,19,2.0377
41,20,1.6329
41,21,3.675
41,22,6.7551
41,23,4.4551
41,24,2.4805
41,25,2.4177
41,26,3.9167
41,27,7.1697
41,28,5.8353
41,29,4.1077
41,30,5.9421
41,31,7.8021
41,32,2.6772
41,33,3.053
41,34,5.1444
41,35,7.1475
41,36,10.4439
41,37,10.2793
41,38,11.931
41,39,12.2801
41,40,5.4416
41,41,0.0
41,42,3.9627
41,43,2.5429
41,44,3.2889
41,45,3.7578
41,46,5.3896
41,47,4.9372
41,48,6.072
41,49,7.5362
42,0,17.3565
42,1,15.1532
42,2,13.6897
42,3,13.1954
42,4,9.2596
42,5,9.214
42,6,11.0223
42,7,12.8204
42,8,5.8565
42,9,6.3876
42,10,7.4686
42,11,9.9104
42,12,3.5018
42,13,4.0862
42,14,5.8338
42,15,7.557
42,16,9.0208
42,17,2.2795
42,18,1.0082
42,19,3.0062
42,20,4.8394
42,21,6.9721
42,22,3.7124
42,23,1.1315
42,24,3.184
42,25,5.6564
42,26,7.1612
42,27,3.9711
42,28,5.0303
42,29,6.8746
42,30,9.2717
42,31,10.9473
42,32,5.6668
42,33,4.0215
42,34,2.1017
42,35,10.1604
42,36,11.5707
42,37,13.4505
42,38,15.2345
42,39,9.3471
42,40,6.4101
42,41,4.416
42,42,0.0
42,43,2.0057
42,44,6.5276
42,45,4.8857
42,46,2.0659
42,47,8.1818
42,48,9.3104
42,49,10.5491
43,0,16.1248
43,1,13.9215
43,2,12.4534
43,3,14.6471
43,4,10.7113
43,5,8.1407
43,6,9.949
43,7,11.5887
43,8,7.3082
43,9,6.5875
43,10,6.3953
43,11,8.837
43,12,4.9535
43,13,3.9847
43,14,4.7604
43,15,6.4836
43,16,7.9225
43,17,3.7312
43,18,2.4088
43,19,1.9328
43,20,3.766
43,21,5.8987
43,22,5.164
43,23,1.7392
43,24,2.1384
43,25,4.5849
43,26,6.0897
43,27,4.5788
43,28,4.0861
43,29,5.8031
43,30,8.2002
43,31,9.874
43,32,4.5935
43,33,2.7661
43,34,3.5534
43,35,9.087
43,36,10.339
43,37,12.2188
43,38,14.0028
43,39,10.7988
43,40,5.3367
43,41,2.5428
43,42,2.1993
43,43,0.0
43,44,5.4561
43,45,3.8142
43,46,2.6737
43,47,7.1103
43,48,8.1821
43,49,9.4758
44,0,15.0396
44,1,14.0063
44,2,16.0422
44,3,19.576
44,4,15.6402
44,5,11.6613
44,6,9.8747
44,7,10.5035
44,8,12.2734
44,9,10.1763
44,10,9.0184
44,11,8.9217
44,12,9.99
44,13,8.1996
44,14,6.6437
44,15,6.45
44,16,6.7104
44,17,8.9604
44,18,7.4504
44,19,5.4363
44,20,3.6572
44,21,4.6617
44,22,10.2337
44,23,5.4194
44,24,3.4448
44,25,1.5075
44,26,2.6095
44,27,5.9809
44,28,4.4982
44,29,1.9073
44,30,3.7417
44,31,8.7888
44,32,4.7015
44,33,6.5035
44,34,8.5949
44,35,9.1718
44,36,13.9278
44,37,12.3036
44,38,12.9176
44,39,15.764
44,40,8.9254
44,41,3.2806
44,42,6.829
44,43,5.4697
44,44,0.0
44,45,2.0331
44,46,6.2997
44,47,3.6301
44,48,8.3463
44,49,9.5605
45,0,16.6047
45,1,14.4281
45,2,14.407
45,3,17.9408
45,4,14.005
45,5,10.0942
45,6,10.2966
45,7,12.0686
45,8,10.6382
45,9,8.5411
45,10,8.3488
45,11,9.3436
45,12,8.3548
45,13,6.5644
45,14,6.714
45,15,6.8719
45,16,8.2754
45,17,7.3252
45,18,5.8485
45,19,3.8864
45,20,4.079
45,21,6.2267
45,22,8.6038
45,23,3.7842
45,24,1.7434
45,25,1.9294
45,26,4.1745
45,27,4.2768
45,28,2.838
45,29,2.0961
45,30,4.6867
45,31,10.3538
45,32,5.1233
45,33,4.9016
45,34,6.9931
45,35,9.5937
45,36,12.2926
45,37,12.7255
45,38,14.4826
45,39,14.1288
45,40,7.2902
45,41,3.7024
45,42,5.1938
45,43,3.7038
45,44,2.0335
45,45,0.0
45,46,4.7187
45,47,5.2583
45,48,9.9113
45,49,9.9824
46,0,19.4068
46,1,17.2035
46,2,15.2176
46,3,15.1051
46,4,11.1693
46,5,11.4227
46,6,13.1539
46,7,14.5047
46,8,7.9069
46,9,8.4379
46,10,9.5688
46,11,12.119
46,12,5.5522
46,13,6.3376
46,14,7.5246
46,15,9.6622
46,16,10.7116
46,17,4.3299
46,18,3.0585
46,19,4.697
46,20,6.5302
46,21,8.6628
46,22,5.7627
46,23,1.0021
46,24,3.0806
46,25,5.5271
46,26,7.0319
46,27,1.9051
46,28,3.0436
46,29,4.9516
46,30,8.0024
46,31,12.7899
46,32,7.3576
46,33,5.7122
46,34,4.152
46,35,12.3691
46,36,13.621
46,37,15.5009
46,38,17.2848
46,39,11.3975
46,40,8.5102
46,41,5.3969
46,42,2.358
46,43,2.6817
46,44,6.3983
46,45,4.5807
46,46,0.0
46,47,8.0524
46,48,11.3607
46,49,12.7578
47,0,13.5247
47,1,15.7364
47,2,17.7183
47,3,21.2168
47,4,17.281
47,5,13.3366
47,6,11.5152
47,7,8.9886
47,8,13.8806
47,9,11.7834
47,10,10.6589
47,11,8.258
47,12,11.6895
47,13,9.8404
47,14,8.3084
47,15,6.5931
47,16,5.1955
47,17,10.4133
47,18,9.0909
47,19,7.0769
47,20,5.2505
47,21,3.1467
47,22,11.8461
47,23,7.0602
47,24,5.0856
47,25,3.8228
47,26,1.0418
47,27,7.8757
47,28,6.3929
47,29,3.8827
47,30,1.8209
47,31,7.2738
47,32,6.342
47,33,8.144
47,34,10.2355
47,35,10.8123
47,36,15.6908
47,37,14.012
47,38,11.4027
47,39,17.527
47,40,10.5663
47,41,4.9212
47,42,8.4698
47,43,7.1105
47,44,3.688
47,45,5.1629
47,46,7.9947
47,47,0.0
47,48,6.8313
47,49,9.5644
48,0,7.727
48,1,9.0537
48,2,11.1711
48,3,15.0252
48,4,10.1814
48,5,6.7087
48,6,4.9221
48,7,3.191
48,8,7.4023
48,9,5.3052
48,10,4.0658
48,11,2.4604
48,12,6.8072
48,13,5.0168
48,14,3.4261
48,15,1.7108
48,16,1.6753
48,17,9.6821
48,18,8.2424
48,19,6.2905
48,20,4.7348
48,21,3.7565
48,22,11.1466
48,23,10.3912
48,24,8.4098
48,25,7.4233
48,26,5.8256
48,27,13.3609
48,28,11.7646
48,29,9.1133
48,30,8.6671
48,31,1.4762
48,32,3.6124
48,33,5.2312
48,34,7.1735
48,35,4.2192
48,36,9.0567
48,37,7.351
48,38,5.605
48,39,10.8929
48,40,5.1134
48,41,6.3111
48,42,9.2597
48,43,8.1474
48,44,8.2945
48,45,8.7634
48,46,11.3256
48,47,6.8462
48,48,0.0
48,49,3.7668
49,0,6.1748
49,1,6.7677
49,2,8.7355
49,3,12.5579
49,4,7.714
49,5,4.4227
49,6,2.6362
49,7,1.6387
49,8,6.4745
49,9,4.3774
49,10,3.138
49,11,2.0029
49,12,8.2721
49,13,6.3812
49,14,4.9481
49,15,4.6807
49,16,4.4629
49,17,11.147
49,18,9.7643
49,19,7.655
49,20,6.0637
49,21,6.5442
49,22,12.6775
49,23,11.8561
49,24,9.7743
49,25,8.7521
49,26,8.6133
49,27,14.8258
49,28,12.7525
49,29,10.4421
49,30,11.4547
49,31,2.391
49,32,4.9413
49,33,6.5957
49,34,8.6384
49,35,1.9333
49,36,6.6211
49,37,5.0651
49,38,4.0528
49,39,8.4255
49,40,4.1856
49,41,7.6399
49,42,10.5691
49,43,9.5119
49,44,9.6233
49,45,10.0923
49,46,12.6833
49,47,9.6338
49,48,3.8434
49,49,0.0
